task,seed,model,train_samples,validation_samples,test_samples,train_errors,train_accuracy,validation_errors,validation_accuracy,test_errors,test_accuracy,candidate_models,reported_model_bytes,training_ms,train_used_bits,validation_used_bits,test_used_bits
or2,1,bfl_greedy_single,128,64,64,18,0.859375,11,0.828125,15,0.765625,1,1544,1.054142,1851,922,925
or2,1,bfl_greedy_selected,128,64,64,18,0.859375,11,0.828125,15,0.765625,16,1544,16.712954,1851,922,925
or2,1,bfl_masked_error_only_single,128,64,64,39,0.695312,18,0.718750,17,0.734375,1,1544,0.898399,1852,927,927
or2,1,bfl_masked_error_only_selected,128,64,64,31,0.757812,13,0.796875,19,0.703125,16,1544,15.705006,1860,934,924
or2,1,bfl_masked_single,128,64,64,46,0.640625,23,0.640625,24,0.625000,1,1544,0.844829,1822,912,912
or2,1,bfl_masked_selected,128,64,64,31,0.757812,13,0.796875,19,0.703125,16,1544,15.591074,1860,934,924
or2,1,direct_lookup_3ep,128,64,64,0,1.000000,46,0.281250,47,0.265625,1,81564,8.160773,,,
or2,1,mlp_4,128,64,64,0,1.000000,0,1.000000,0,1.000000,1,360,23.981728,,,
or2,1,mlp_16,128,64,64,0,1.000000,0,1.000000,0,1.000000,1,1416,76.912774,,,
or2,2,bfl_greedy_single,128,64,64,30,0.765625,26,0.593750,27,0.578125,1,1544,0.909600,1742,886,870
or2,2,bfl_greedy_selected,128,64,64,9,0.929688,13,0.796875,13,0.796875,16,1544,17.246304,1913,958,960
or2,2,bfl_masked_error_only_single,128,64,64,45,0.648438,28,0.562500,28,0.562500,1,1544,0.952431,1712,854,872
or2,2,bfl_masked_error_only_selected,128,64,64,31,0.757812,13,0.796875,18,0.718750,16,1544,15.400145,1846,923,929
or2,2,bfl_masked_single,128,64,64,45,0.648438,24,0.625000,20,0.687500,1,1544,1.027642,1694,844,842
or2,2,bfl_masked_selected,128,64,64,32,0.750000,11,0.828125,24,0.625000,16,1544,15.812691,1919,960,960
or2,2,direct_lookup_3ep,128,64,64,0,1.000000,51,0.203125,50,0.218750,1,80700,8.177374,,,
or2,2,mlp_4,128,64,64,0,1.000000,0,1.000000,0,1.000000,1,360,24.934720,,,
or2,2,mlp_16,128,64,64,0,1.000000,0,1.000000,0,1.000000,1,1416,77.045053,,,
or2,3,bfl_greedy_single,128,64,64,32,0.750000,31,0.515625,26,0.593750,1,1544,1.150704,1864,928,930
or2,3,bfl_greedy_selected,128,64,64,14,0.890625,10,0.843750,12,0.812500,16,1544,17.016262,1873,935,937
or2,3,bfl_masked_error_only_single,128,64,64,43,0.664062,21,0.671875,25,0.609375,1,1544,0.950007,1866,928,936
or2,3,bfl_masked_error_only_selected,128,64,64,28,0.781250,12,0.812500,16,0.750000,16,1544,15.175973,1740,852,852
or2,3,bfl_masked_single,128,64,64,44,0.656250,32,0.500000,20,0.687500,1,1544,0.885675,1855,933,928
or2,3,bfl_masked_selected,128,64,64,28,0.781250,12,0.812500,16,0.750000,16,1544,15.171675,1740,852,852
or2,3,direct_lookup_3ep,128,64,64,0,1.000000,53,0.171875,51,0.203125,1,80796,8.089860,,,
or2,3,mlp_4,128,64,64,0,1.000000,0,1.000000,0,1.000000,1,360,24.906647,,,
or2,3,mlp_16,128,64,64,0,1.000000,0,1.000000,0,1.000000,1,1416,76.093875,,,
or2,4,bfl_greedy_single,128,64,64,37,0.710938,26,0.593750,31,0.515625,1,1544,1.135575,1858,927,933
or2,4,bfl_greedy_selected,128,64,64,23,0.820312,9,0.859375,15,0.765625,16,1544,16.709286,1880,945,941
or2,4,bfl_masked_error_only_single,128,64,64,46,0.640625,26,0.593750,27,0.578125,1,1544,0.987657,1865,917,933
or2,4,bfl_masked_error_only_selected,128,64,64,25,0.804688,12,0.812500,15,0.765625,16,1544,15.379504,1917,960,957
or2,4,bfl_masked_single,128,64,64,46,0.640625,26,0.593750,27,0.578125,1,1544,0.985773,1865,917,933
or2,4,bfl_masked_selected,128,64,64,25,0.804688,12,0.812500,15,0.765625,16,1544,15.212007,1917,960,957
or2,4,direct_lookup_3ep,128,64,64,0,1.000000,47,0.265625,53,0.171875,1,80796,8.255872,,,
or2,4,mlp_4,128,64,64,0,1.000000,0,1.000000,0,1.000000,1,360,25.067280,,,
or2,4,mlp_16,128,64,64,0,1.000000,0,1.000000,0,1.000000,1,1416,79.120285,,,
or2,5,bfl_greedy_single,128,64,64,26,0.796875,14,0.781250,24,0.625000,1,1544,1.122079,1894,949,944
or2,5,bfl_greedy_selected,128,64,64,19,0.851562,14,0.781250,10,0.843750,16,1544,17.084422,1882,941,938
or2,5,bfl_masked_error_only_single,128,64,64,46,0.640625,26,0.593750,31,0.515625,1,1544,1.029456,1895,953,947
or2,5,bfl_masked_error_only_selected,128,64,64,31,0.757812,15,0.765625,23,0.640625,16,1544,15.795968,1887,950,939
or2,5,bfl_masked_single,128,64,64,46,0.640625,26,0.593750,31,0.515625,1,1544,1.065894,1895,953,947
or2,5,bfl_masked_selected,128,64,64,34,0.734375,14,0.781250,24,0.625000,16,1544,15.947660,1876,939,941
or2,5,direct_lookup_3ep,128,64,64,0,1.000000,49,0.234375,51,0.203125,1,80748,8.116800,,,
or2,5,mlp_4,128,64,64,0,1.000000,0,1.000000,0,1.000000,1,360,24.772155,,,
or2,5,mlp_16,128,64,64,0,1.000000,0,1.000000,0,1.000000,1,1416,75.929786,,,
or2,6,bfl_greedy_single,128,64,64,23,0.820312,13,0.796875,25,0.609375,1,1544,1.275178,1918,960,960
or2,6,bfl_greedy_selected,128,64,64,23,0.820312,13,0.796875,25,0.609375,16,1544,17.227429,1918,960,960
or2,6,bfl_masked_error_only_single,128,64,64,41,0.679688,26,0.593750,26,0.593750,1,1544,0.815113,1918,960,960
or2,6,bfl_masked_error_only_selected,128,64,64,37,0.710938,14,0.781250,18,0.718750,16,1544,15.346967,1781,882,873
or2,6,bfl_masked_single,128,64,64,41,0.679688,26,0.593750,26,0.593750,1,1544,0.804172,1918,960,960
or2,6,bfl_masked_selected,128,64,64,26,0.796875,14,0.781250,14,0.781250,16,1544,15.928026,1888,947,950
or2,6,direct_lookup_3ep,128,64,64,0,1.000000,53,0.171875,43,0.328125,1,81324,8.038654,,,
or2,6,mlp_4,128,64,64,0,1.000000,0,1.000000,0,1.000000,1,360,24.637712,,,
or2,6,mlp_16,128,64,64,0,1.000000,0,1.000000,0,1.000000,1,1416,78.197831,,,
or2,7,bfl_greedy_single,128,64,64,27,0.789062,24,0.625000,19,0.703125,1,1544,1.112792,1877,947,934
or2,7,bfl_greedy_selected,128,64,64,13,0.898438,9,0.859375,17,0.734375,16,1544,16.967310,1875,941,936
or2,7,bfl_masked_error_only_single,128,64,64,45,0.648438,28,0.562500,21,0.671875,1,1544,0.985893,1865,933,934
or2,7,bfl_masked_error_only_selected,128,64,64,39,0.695312,15,0.765625,17,0.734375,16,1544,15.613873,1849,933,934
or2,7,bfl_masked_single,128,64,64,45,0.648438,28,0.562500,21,0.671875,1,1544,1.004118,1865,933,934
or2,7,bfl_masked_selected,128,64,64,39,0.695312,15,0.765625,17,0.734375,16,1544,16.417667,1849,933,934
or2,7,direct_lookup_3ep,128,64,64,0,1.000000,45,0.296875,47,0.265625,1,81612,8.130035,,,
or2,7,mlp_4,128,64,64,0,1.000000,0,1.000000,0,1.000000,1,360,25.160585,,,
or2,7,mlp_16,128,64,64,0,1.000000,0,1.000000,0,1.000000,1,1416,77.013424,,,
or2,8,bfl_greedy_single,128,64,64,21,0.835938,19,0.703125,17,0.734375,1,1544,1.153298,1714,859,855
or2,8,bfl_greedy_selected,128,64,64,11,0.914062,13,0.796875,12,0.812500,16,1544,17.244315,1636,820,814
or2,8,bfl_masked_error_only_single,128,64,64,30,0.765625,17,0.734375,15,0.765625,1,1544,0.770478,1721,866,862
or2,8,bfl_masked_error_only_selected,128,64,64,30,0.765625,17,0.734375,15,0.765625,16,1544,15.979723,1721,866,862
or2,8,bfl_masked_single,128,64,64,30,0.765625,17,0.734375,15,0.765625,1,1544,0.779716,1721,866,862
or2,8,bfl_masked_selected,128,64,64,30,0.765625,17,0.734375,15,0.765625,16,1544,15.396408,1721,866,862
or2,8,direct_lookup_3ep,128,64,64,0,1.000000,48,0.250000,48,0.250000,1,81516,8.063810,,,
or2,8,mlp_4,128,64,64,0,1.000000,0,1.000000,0,1.000000,1,360,24.597817,,,
or2,8,mlp_16,128,64,64,0,1.000000,0,1.000000,0,1.000000,1,1416,76.839166,,,
or2,9,bfl_greedy_single,128,64,64,23,0.820312,22,0.656250,15,0.765625,1,1544,1.054282,1822,907,910
or2,9,bfl_greedy_selected,128,64,64,20,0.843750,10,0.843750,14,0.781250,16,1544,16.545226,1871,934,939
or2,9,bfl_masked_error_only_single,128,64,64,46,0.640625,27,0.578125,25,0.609375,1,1544,0.955006,1809,900,897
or2,9,bfl_masked_error_only_selected,128,64,64,39,0.695312,11,0.828125,14,0.781250,16,1544,15.624854,1851,935,937
or2,9,bfl_masked_single,128,64,64,46,0.640625,27,0.578125,25,0.609375,1,1544,0.955146,1809,900,897
or2,9,bfl_masked_selected,128,64,64,36,0.718750,15,0.765625,25,0.609375,16,1544,16.151817,1913,959,957
or2,9,direct_lookup_3ep,128,64,64,0,1.000000,50,0.218750,46,0.281250,1,81036,8.039896,,,
or2,9,mlp_4,128,64,64,0,1.000000,0,1.000000,0,1.000000,1,360,24.271183,,,
or2,9,mlp_16,128,64,64,0,1.000000,0,1.000000,0,1.000000,1,1416,78.061585,,,
or2,10,bfl_greedy_single,128,64,64,35,0.726562,20,0.687500,31,0.515625,1,1544,1.169780,1772,893,887
or2,10,bfl_greedy_selected,128,64,64,12,0.906250,12,0.812500,15,0.765625,16,1544,16.790038,1916,960,957
or2,10,bfl_masked_error_only_single,128,64,64,47,0.632812,22,0.656250,31,0.515625,1,1544,1.107692,1788,897,899
or2,10,bfl_masked_error_only_selected,128,64,64,35,0.726562,13,0.796875,17,0.734375,16,1544,15.654369,1908,953,957
or2,10,bfl_masked_single,128,64,64,42,0.671875,27,0.578125,23,0.640625,1,1544,1.139532,1784,886,890
or2,10,bfl_masked_selected,128,64,64,24,0.812500,13,0.796875,15,0.765625,16,1544,15.045546,1855,935,928
or2,10,direct_lookup_3ep,128,64,64,0,1.000000,47,0.265625,48,0.250000,1,81276,8.232989,,,
or2,10,mlp_4,128,64,64,0,1.000000,0,1.000000,0,1.000000,1,360,24.179049,,,
or2,10,mlp_16,128,64,64,0,1.000000,0,1.000000,0,1.000000,1,1416,82.144501,,,
or2,11,bfl_greedy_single,128,64,64,40,0.687500,27,0.578125,31,0.515625,1,1544,0.944736,1803,879,895
or2,11,bfl_greedy_selected,128,64,64,15,0.882812,8,0.875000,16,0.750000,16,1544,17.931995,1851,919,930
or2,11,bfl_masked_error_only_single,128,64,64,52,0.593750,32,0.500000,40,0.375000,1,1544,1.227969,1794,866,879
or2,11,bfl_masked_error_only_selected,128,64,64,15,0.882812,11,0.828125,16,0.750000,16,1544,14.792030,1824,909,923
or2,11,bfl_masked_single,128,64,64,42,0.671875,24,0.625000,28,0.562500,1,1544,1.078107,1821,914,901
or2,11,bfl_masked_selected,128,64,64,16,0.875000,12,0.812500,18,0.718750,16,1544,14.640196,1865,937,930
or2,11,direct_lookup_3ep,128,64,64,0,1.000000,48,0.250000,44,0.312500,1,81228,8.453493,,,
or2,11,mlp_4,128,64,64,0,1.000000,0,1.000000,0,1.000000,1,360,24.574583,,,
or2,11,mlp_16,128,64,64,0,1.000000,0,1.000000,0,1.000000,1,1416,78.620695,,,
or2,12,bfl_greedy_single,128,64,64,22,0.828125,19,0.703125,16,0.750000,1,1544,1.165351,1856,931,925
or2,12,bfl_greedy_selected,128,64,64,11,0.914062,11,0.828125,12,0.812500,16,1544,16.160814,1900,952,952
or2,12,bfl_masked_error_only_single,128,64,64,43,0.664062,28,0.562500,38,0.406250,1,1544,1.086342,1856,925,931
or2,12,bfl_masked_error_only_selected,128,64,64,31,0.757812,14,0.781250,18,0.718750,16,1544,15.147727,1749,867,887
or2,12,bfl_masked_single,128,64,64,36,0.718750,15,0.765625,20,0.687500,1,1544,1.208352,1857,928,927
or2,12,bfl_masked_selected,128,64,64,31,0.757812,14,0.781250,18,0.718750,16,1544,14.691020,1749,867,887
or2,12,direct_lookup_3ep,128,64,64,0,1.000000,46,0.281250,50,0.218750,1,81132,8.530127,,,
or2,12,mlp_4,128,64,64,0,1.000000,0,1.000000,0,1.000000,1,360,26.020792,,,
or2,12,mlp_16,128,64,64,0,1.000000,0,1.000000,0,1.000000,1,1416,78.440056,,,
or2,13,bfl_greedy_single,128,64,64,22,0.828125,12,0.812500,16,0.750000,1,1544,1.319771,1800,910,899
or2,13,bfl_greedy_selected,128,64,64,13,0.898438,10,0.843750,11,0.828125,16,1544,17.191152,1841,917,920
or2,13,bfl_masked_error_only_single,128,64,64,33,0.742188,19,0.703125,21,0.671875,1,1544,0.740212,1799,907,894
or2,13,bfl_masked_error_only_selected,128,64,64,30,0.765625,14,0.781250,18,0.718750,16,1544,14.862052,1901,946,951
or2,13,bfl_masked_single,128,64,64,33,0.742188,19,0.703125,21,0.671875,1,1544,0.803150,1799,907,894
or2,13,bfl_masked_selected,128,64,64,29,0.773438,11,0.828125,13,0.796875,16,1544,15.038503,1907,958,956
or2,13,direct_lookup_3ep,128,64,64,0,1.000000,47,0.265625,50,0.218750,1,81132,8.169610,,,
or2,13,mlp_4,128,64,64,0,1.000000,0,1.000000,0,1.000000,1,360,24.460719,,,
or2,13,mlp_16,128,64,64,0,1.000000,0,1.000000,0,1.000000,1,1416,77.948472,,,
or2,14,bfl_greedy_single,128,64,64,17,0.867188,11,0.828125,14,0.781250,1,1544,1.040837,1875,943,942
or2,14,bfl_greedy_selected,128,64,64,17,0.867188,11,0.828125,14,0.781250,16,1544,18.763359,1875,943,942
or2,14,bfl_masked_error_only_single,128,64,64,36,0.718750,17,0.734375,20,0.687500,1,1544,0.938955,1891,953,949
or2,14,bfl_masked_error_only_selected,128,64,64,25,0.804688,12,0.812500,11,0.828125,16,1544,14.579118,1912,952,957
or2,14,bfl_masked_single,128,64,64,30,0.765625,18,0.718750,13,0.796875,1,1544,0.931402,1878,944,938
or2,14,bfl_masked_selected,128,64,64,25,0.804688,12,0.812500,11,0.828125,16,1544,15.420442,1912,952,957
or2,14,direct_lookup_3ep,128,64,64,0,1.000000,48,0.250000,49,0.234375,1,81036,8.194556,,,
or2,14,mlp_4,128,64,64,0,1.000000,0,1.000000,0,1.000000,1,360,24.661025,,,
or2,14,mlp_16,128,64,64,0,1.000000,0,1.000000,0,1.000000,1,1416,78.915210,,,
or2,15,bfl_greedy_single,128,64,64,37,0.710938,22,0.656250,22,0.656250,1,1544,1.088407,1833,916,915
or2,15,bfl_greedy_selected,128,64,64,10,0.921875,10,0.843750,10,0.843750,16,1544,17.719883,1849,921,930
or2,15,bfl_masked_error_only_single,128,64,64,38,0.703125,24,0.625000,23,0.640625,1,1544,1.088947,1804,895,895
or2,15,bfl_masked_error_only_selected,128,64,64,24,0.812500,6,0.906250,11,0.828125,16,1544,15.338277,1868,927,937
or2,15,bfl_masked_single,128,64,64,37,0.710938,28,0.562500,19,0.703125,1,1544,0.965265,1836,918,921
or2,15,bfl_masked_selected,128,64,64,28,0.781250,12,0.812500,17,0.734375,16,1544,15.460136,1836,910,922
or2,15,direct_lookup_3ep,128,64,64,0,1.000000,49,0.234375,47,0.265625,1,80748,8.167376,,,
or2,15,mlp_4,128,64,64,0,1.000000,0,1.000000,0,1.000000,1,360,25.693196,,,
or2,15,mlp_16,128,64,64,0,1.000000,0,1.000000,0,1.000000,1,1416,78.656102,,,
or2,16,bfl_greedy_single,128,64,64,30,0.765625,24,0.625000,19,0.703125,1,1544,1.065103,1827,929,922
or2,16,bfl_greedy_selected,128,64,64,13,0.898438,8,0.875000,15,0.765625,16,1544,16.793024,1920,960,960
or2,16,bfl_masked_error_only_single,128,64,64,45,0.648438,28,0.562500,17,0.734375,1,1544,1.031790,1806,910,895
or2,16,bfl_masked_error_only_selected,128,64,64,32,0.750000,11,0.828125,10,0.843750,16,1544,16.344021,1851,924,903
or2,16,bfl_masked_single,128,64,64,45,0.648438,28,0.562500,17,0.734375,1,1544,0.911604,1806,910,895
or2,16,bfl_masked_selected,128,64,64,31,0.757812,13,0.796875,17,0.734375,16,1544,14.640496,1910,945,952
or2,16,direct_lookup_3ep,128,64,64,0,1.000000,46,0.281250,51,0.203125,1,81084,8.009789,,,
or2,16,mlp_4,128,64,64,0,1.000000,0,1.000000,0,1.000000,1,360,24.332908,,,
or2,16,mlp_16,128,64,64,0,1.000000,0,1.000000,0,1.000000,1,1416,76.531197,,,
or2,17,bfl_greedy_single,128,64,64,15,0.882812,22,0.656250,23,0.640625,1,1544,0.919539,1661,846,822
or2,17,bfl_greedy_selected,128,64,64,16,0.875000,14,0.781250,20,0.687500,16,1544,16.602926,1882,952,934
or2,17,bfl_masked_error_only_single,128,64,64,36,0.718750,21,0.671875,25,0.609375,1,1544,0.761402,1683,848,859
or2,17,bfl_masked_error_only_selected,128,64,64,38,0.703125,14,0.781250,19,0.703125,16,1544,16.262113,1823,896,903
or2,17,bfl_masked_single,128,64,64,36,0.718750,21,0.671875,25,0.609375,1,1544,0.740823,1683,848,859
or2,17,bfl_masked_selected,128,64,64,38,0.703125,14,0.781250,19,0.703125,16,1544,15.633072,1823,896,903
or2,17,direct_lookup_3ep,128,64,64,0,1.000000,47,0.265625,46,0.281250,1,81516,8.020079,,,
or2,17,mlp_4,128,64,64,0,1.000000,0,1.000000,0,1.000000,1,360,25.275541,,,
or2,17,mlp_16,128,64,64,0,1.000000,0,1.000000,0,1.000000,1,1416,77.810492,,,
or2,18,bfl_greedy_single,128,64,64,25,0.804688,20,0.687500,20,0.687500,1,1544,1.096571,1860,921,933
or2,18,bfl_greedy_selected,128,64,64,14,0.890625,14,0.781250,23,0.640625,16,1544,17.732898,1915,959,958
or2,18,bfl_masked_error_only_single,128,64,64,42,0.671875,22,0.656250,16,0.750000,1,1544,0.772683,1859,925,940
or2,18,bfl_masked_error_only_selected,128,64,64,32,0.750000,15,0.765625,12,0.812500,16,1544,15.195801,1875,935,946
or2,18,bfl_masked_single,128,64,64,42,0.671875,22,0.656250,16,0.750000,1,1544,0.760961,1859,925,940
or2,18,bfl_masked_selected,128,64,64,32,0.750000,15,0.765625,12,0.812500,16,1544,16.278244,1875,935,946
or2,18,direct_lookup_3ep,128,64,64,0,1.000000,49,0.234375,46,0.281250,1,80988,8.069792,,,
or2,18,mlp_4,128,64,64,0,1.000000,0,1.000000,0,1.000000,1,360,24.521713,,,
or2,18,mlp_16,128,64,64,0,1.000000,0,1.000000,0,1.000000,1,1416,78.747755,,,
or2,19,bfl_greedy_single,128,64,64,18,0.859375,18,0.718750,17,0.734375,1,1544,0.846672,1824,911,918
or2,19,bfl_greedy_selected,128,64,64,15,0.882812,11,0.828125,17,0.734375,16,1544,18.108223,1856,927,925
or2,19,bfl_masked_error_only_single,128,64,64,33,0.742188,17,0.734375,18,0.718750,1,1544,0.583286,1806,902,904
or2,19,bfl_masked_error_only_selected,128,64,64,27,0.789062,14,0.781250,22,0.656250,16,1544,15.193312,1649,828,848
or2,19,bfl_masked_single,128,64,64,33,0.742188,17,0.734375,18,0.718750,1,1544,0.584308,1806,902,904
or2,19,bfl_masked_selected,128,64,64,27,0.789062,14,0.781250,22,0.656250,16,1544,14.811845,1649,828,848
or2,19,direct_lookup_3ep,128,64,64,0,1.000000,50,0.218750,47,0.265625,1,81132,8.484251,,,
or2,19,mlp_4,128,64,64,0,1.000000,0,1.000000,0,1.000000,1,360,25.371751,,,
or2,19,mlp_16,128,64,64,0,1.000000,0,1.000000,0,1.000000,1,1416,83.987296,,,
or2,20,bfl_greedy_single,128,64,64,21,0.835938,22,0.656250,17,0.734375,1,1544,1.642057,1826,905,915
or2,20,bfl_greedy_selected,128,64,64,21,0.835938,13,0.796875,18,0.718750,16,1544,21.444878,1800,897,892
or2,20,bfl_masked_error_only_single,128,64,64,34,0.734375,20,0.687500,11,0.828125,1,1544,1.096792,1836,922,918
or2,20,bfl_masked_error_only_selected,128,64,64,30,0.765625,16,0.750000,12,0.812500,16,1544,15.932914,1873,936,934
or2,20,bfl_masked_single,128,64,64,36,0.718750,20,0.687500,19,0.703125,1,1544,0.987246,1843,919,917
or2,20,bfl_masked_selected,128,64,64,30,0.765625,16,0.750000,12,0.812500,16,1544,16.503590,1873,936,934
or2,20,direct_lookup_3ep,128,64,64,0,1.000000,47,0.265625,53,0.171875,1,81036,8.244681,,,
or2,20,mlp_4,128,64,64,0,1.000000,0,1.000000,0,1.000000,1,360,24.089751,,,
or2,20,mlp_16,128,64,64,0,1.000000,0,1.000000,0,1.000000,1,1416,76.810101,,,
xor2,1,bfl_greedy_single,128,64,64,32,0.750000,27,0.578125,27,0.578125,1,1544,1.022893,1852,920,926
xor2,1,bfl_greedy_selected,128,64,64,30,0.765625,15,0.765625,19,0.703125,16,1544,17.177236,1896,947,944
xor2,1,bfl_masked_error_only_single,128,64,64,49,0.617188,29,0.546875,29,0.546875,1,1544,0.868272,1841,925,924
xor2,1,bfl_masked_error_only_selected,128,64,64,59,0.539062,24,0.625000,22,0.656250,16,1544,18.537173,1697,848,835
xor2,1,bfl_masked_single,128,64,64,47,0.632812,25,0.609375,33,0.484375,1,1544,0.960296,1831,914,915
xor2,1,bfl_masked_selected,128,64,64,44,0.656250,25,0.609375,20,0.687500,16,1544,19.258087,1904,954,958
xor2,1,direct_lookup_3ep,128,64,64,0,1.000000,30,0.531250,31,0.515625,1,79020,7.895444,,,
xor2,1,mlp_4,128,64,64,0,1.000000,0,1.000000,0,1.000000,1,360,24.265041,,,
xor2,1,mlp_16,128,64,64,0,1.000000,0,1.000000,0,1.000000,1,1416,77.322404,,,
xor2,2,bfl_greedy_single,128,64,64,50,0.609375,29,0.546875,40,0.375000,1,1544,0.893139,1769,878,897
xor2,2,bfl_greedy_selected,128,64,64,35,0.726562,22,0.656250,36,0.437500,16,1544,16.872575,1852,924,923
xor2,2,bfl_masked_error_only_single,128,64,64,51,0.601562,33,0.484375,39,0.390625,1,1544,1.298371,1750,895,893
xor2,2,bfl_masked_error_only_selected,128,64,64,40,0.687500,25,0.609375,19,0.703125,16,1544,19.434728,1795,885,909
xor2,2,bfl_masked_single,128,64,64,53,0.585938,34,0.468750,29,0.546875,1,1544,1.298442,1724,855,873
xor2,2,bfl_masked_selected,128,64,64,40,0.687500,25,0.609375,19,0.703125,16,1544,19.739343,1795,885,909
xor2,2,direct_lookup_3ep,128,64,64,0,1.000000,32,0.500000,35,0.453125,1,78636,7.966167,,,
xor2,2,mlp_4,128,64,64,0,1.000000,0,1.000000,0,1.000000,1,360,24.246446,,,
xor2,2,mlp_16,128,64,64,0,1.000000,0,1.000000,0,1.000000,1,1416,77.807276,,,
xor2,3,bfl_greedy_single,128,64,64,44,0.656250,31,0.515625,31,0.515625,1,1544,1.001253,1843,921,922
xor2,3,bfl_greedy_selected,128,64,64,36,0.718750,25,0.609375,34,0.468750,16,1544,17.073682,1835,904,919
xor2,3,bfl_masked_error_only_single,128,64,64,56,0.562500,30,0.531250,32,0.500000,1,1544,1.103024,1861,929,930
xor2,3,bfl_masked_error_only_selected,128,64,64,41,0.679688,22,0.656250,26,0.593750,16,1544,19.422777,1861,943,941
xor2,3,bfl_masked_single,128,64,64,57,0.554688,31,0.515625,32,0.500000,1,1544,1.255060,1860,941,937
xor2,3,bfl_masked_selected,128,64,64,60,0.531250,18,0.718750,26,0.593750,16,1544,19.337866,1747,894,891
xor2,3,direct_lookup_3ep,128,64,64,0,1.000000,36,0.437500,37,0.421875,1,78060,7.943315,,,
xor2,3,mlp_4,128,64,64,0,1.000000,0,1.000000,0,1.000000,1,360,24.111914,,,
xor2,3,mlp_16,128,64,64,0,1.000000,0,1.000000,0,1.000000,1,1416,77.068437,,,
xor2,4,bfl_greedy_single,128,64,64,44,0.656250,30,0.531250,38,0.406250,1,1544,1.166663,1869,923,935
xor2,4,bfl_greedy_selected,128,64,64,30,0.765625,17,0.734375,26,0.593750,16,1544,17.957942,1858,928,927
xor2,4,bfl_masked_error_only_single,128,64,64,54,0.578125,32,0.500000,30,0.531250,1,1544,1.192852,1848,930,912
xor2,4,bfl_masked_error_only_selected,128,64,64,40,0.687500,23,0.640625,25,0.609375,16,1544,18.533235,1917,960,957
xor2,4,bfl_masked_single,128,64,64,54,0.578125,32,0.500000,30,0.531250,1,1544,1.179127,1848,930,912
xor2,4,bfl_masked_selected,128,64,64,40,0.687500,23,0.640625,25,0.609375,16,1544,17.890466,1917,960,957
xor2,4,direct_lookup_3ep,128,64,64,0,1.000000,28,0.562500,37,0.421875,1,78444,8.008066,,,
xor2,4,mlp_4,128,64,64,0,1.000000,0,1.000000,0,1.000000,1,360,24.180743,,,
xor2,4,mlp_16,128,64,64,0,1.000000,0,1.000000,0,1.000000,1,1416,77.438302,,,
xor2,5,bfl_greedy_single,128,64,64,32,0.750000,29,0.546875,24,0.625000,1,1544,1.365056,1904,952,948
xor2,5,bfl_greedy_selected,128,64,64,30,0.765625,17,0.734375,18,0.718750,16,1544,17.512493,1905,957,954
xor2,5,bfl_masked_error_only_single,128,64,64,51,0.601562,40,0.375000,29,0.546875,1,1544,1.305955,1897,954,951
xor2,5,bfl_masked_error_only_selected,128,64,64,52,0.593750,14,0.781250,32,0.500000,16,1544,19.315486,1780,885,868
xor2,5,bfl_masked_single,128,64,64,52,0.593750,30,0.531250,29,0.546875,1,1544,1.329399,1890,948,943
xor2,5,bfl_masked_selected,128,64,64,52,0.593750,14,0.781250,32,0.500000,16,1544,19.184900,1780,885,868
xor2,5,direct_lookup_3ep,128,64,64,0,1.000000,31,0.515625,38,0.406250,1,78204,8.172095,,,
xor2,5,mlp_4,128,64,64,0,1.000000,0,1.000000,0,1.000000,1,360,24.321969,,,
xor2,5,mlp_16,128,64,64,0,1.000000,0,1.000000,0,1.000000,1,1416,77.312767,,,
xor2,6,bfl_greedy_single,128,64,64,47,0.632812,34,0.468750,38,0.406250,1,1544,1.161484,1918,959,959
xor2,6,bfl_greedy_selected,128,64,64,31,0.757812,15,0.765625,23,0.640625,16,1544,16.908480,1896,946,951
xor2,6,bfl_masked_error_only_single,128,64,64,62,0.515625,29,0.546875,39,0.390625,1,1544,1.261381,1919,960,959
xor2,6,bfl_masked_error_only_selected,128,64,64,52,0.593750,20,0.687500,26,0.593750,16,1544,19.091523,1873,937,941
xor2,6,bfl_masked_single,128,64,64,62,0.515625,29,0.546875,39,0.390625,1,1544,1.249650,1919,960,959
xor2,6,bfl_masked_selected,128,64,64,52,0.593750,20,0.687500,26,0.593750,16,1544,19.040749,1873,937,941
xor2,6,direct_lookup_3ep,128,64,64,0,1.000000,36,0.437500,28,0.562500,1,78540,8.201159,,,
xor2,6,mlp_4,128,64,64,0,1.000000,0,1.000000,0,1.000000,1,360,24.515411,,,
xor2,6,mlp_16,128,64,64,0,1.000000,0,1.000000,0,1.000000,1,1416,76.871407,,,
xor2,7,bfl_greedy_single,128,64,64,42,0.671875,34,0.468750,32,0.500000,1,1544,1.177113,1877,948,943
xor2,7,bfl_greedy_selected,128,64,64,37,0.710938,18,0.718750,22,0.656250,16,1544,17.146019,1843,918,929
xor2,7,bfl_masked_error_only_single,128,64,64,53,0.585938,36,0.437500,35,0.453125,1,1544,1.226736,1875,930,939
xor2,7,bfl_masked_error_only_selected,128,64,64,43,0.664062,25,0.609375,19,0.703125,16,1544,18.873987,1845,920,914
xor2,7,bfl_masked_single,128,64,64,53,0.585938,36,0.437500,35,0.453125,1,1544,1.223741,1875,930,939
xor2,7,bfl_masked_selected,128,64,64,52,0.593750,23,0.640625,28,0.562500,16,1544,19.370728,1796,896,906
xor2,7,direct_lookup_3ep,128,64,64,0,1.000000,26,0.593750,30,0.531250,1,79404,8.067508,,,
xor2,7,mlp_4,128,64,64,0,1.000000,0,1.000000,0,1.000000,1,360,24.601263,,,
xor2,7,mlp_16,128,64,64,0,1.000000,0,1.000000,0,1.000000,1,1416,79.059811,,,
xor2,8,bfl_greedy_single,128,64,64,36,0.718750,28,0.562500,27,0.578125,1,1544,1.076664,1836,909,916
xor2,8,bfl_greedy_selected,128,64,64,33,0.742188,21,0.671875,23,0.640625,16,1544,18.016443,1881,943,942
xor2,8,bfl_masked_error_only_single,128,64,64,49,0.617188,27,0.578125,23,0.640625,1,1544,1.149201,1794,899,920
xor2,8,bfl_masked_error_only_selected,128,64,64,56,0.562500,24,0.625000,21,0.671875,16,1544,18.018457,1845,921,913
xor2,8,bfl_masked_single,128,64,64,49,0.617188,27,0.578125,23,0.640625,1,1544,1.087314,1794,899,920
xor2,8,bfl_masked_selected,128,64,64,49,0.617188,23,0.640625,21,0.671875,16,1544,19.282263,1879,940,947
xor2,8,direct_lookup_3ep,128,64,64,0,1.000000,35,0.453125,32,0.500000,1,78540,7.968061,,,
xor2,8,mlp_4,128,64,64,0,1.000000,0,1.000000,0,1.000000,1,360,24.725566,,,
xor2,8,mlp_16,128,64,64,0,1.000000,0,1.000000,0,1.000000,1,1416,79.048419,,,
xor2,9,bfl_greedy_single,128,64,64,35,0.726562,26,0.593750,33,0.484375,1,1544,1.072677,1798,911,913
xor2,9,bfl_greedy_selected,128,64,64,42,0.671875,21,0.671875,32,0.500000,16,1544,17.434197,1829,899,904
xor2,9,bfl_masked_error_only_single,128,64,64,50,0.609375,30,0.531250,29,0.546875,1,1544,1.285617,1813,898,908
xor2,9,bfl_masked_error_only_selected,128,64,64,50,0.609375,23,0.640625,28,0.562500,16,1544,19.469144,1809,892,897
xor2,9,bfl_masked_single,128,64,64,51,0.601562,30,0.531250,36,0.437500,1,1544,1.236475,1799,914,893
xor2,9,bfl_masked_selected,128,64,64,61,0.523438,23,0.640625,36,0.437500,16,1544,20.881420,1771,887,884
xor2,9,direct_lookup_3ep,128,64,64,0,1.000000,34,0.468750,28,0.562500,1,78636,8.003397,,,
xor2,9,mlp_4,128,64,64,0,1.000000,0,1.000000,0,1.000000,1,360,24.908411,,,
xor2,9,mlp_16,128,64,64,0,1.000000,0,1.000000,0,1.000000,1,1416,79.397275,,,
xor2,10,bfl_greedy_single,128,64,64,45,0.648438,31,0.515625,41,0.359375,1,1544,1.061857,1785,893,890
xor2,10,bfl_greedy_selected,128,64,64,33,0.742188,19,0.703125,22,0.656250,16,1544,17.738853,1891,937,944
xor2,10,bfl_masked_error_only_single,128,64,64,51,0.601562,29,0.546875,38,0.406250,1,1544,0.913177,1784,896,892
xor2,10,bfl_masked_error_only_selected,128,64,64,49,0.617188,21,0.671875,24,0.625000,16,1544,18.790830,1908,954,952
xor2,10,bfl_masked_single,128,64,64,51,0.601562,29,0.546875,38,0.406250,1,1544,0.927694,1784,896,892
xor2,10,bfl_masked_selected,128,64,64,59,0.539062,21,0.671875,32,0.500000,16,1544,19.539518,1847,926,929
xor2,10,direct_lookup_3ep,128,64,64,0,1.000000,33,0.484375,35,0.453125,1,78444,7.965686,,,
xor2,10,mlp_4,128,64,64,0,1.000000,0,1.000000,0,1.000000,1,360,24.427827,,,
xor2,10,mlp_16,128,64,64,0,1.000000,0,1.000000,0,1.000000,1,1416,79.115165,,,
xor2,11,bfl_greedy_single,128,64,64,44,0.656250,30,0.531250,36,0.437500,1,1544,0.995502,1799,891,882
xor2,11,bfl_greedy_selected,128,64,64,29,0.773438,19,0.703125,28,0.562500,16,1544,17.466509,1867,942,948
xor2,11,bfl_masked_error_only_single,128,64,64,48,0.625000,30,0.531250,31,0.515625,1,1544,1.062157,1780,850,873
xor2,11,bfl_masked_error_only_selected,128,64,64,46,0.640625,23,0.640625,25,0.609375,16,1544,19.653543,1910,954,946
xor2,11,bfl_masked_single,128,64,64,54,0.578125,29,0.546875,39,0.390625,1,1544,1.151595,1779,902,883
xor2,11,bfl_masked_selected,128,64,64,50,0.609375,25,0.609375,28,0.562500,16,1544,19.617603,1873,947,942
xor2,11,direct_lookup_3ep,128,64,64,0,1.000000,31,0.515625,33,0.484375,1,78636,8.046307,,,
xor2,11,mlp_4,128,64,64,0,1.000000,0,1.000000,0,1.000000,1,360,24.458665,,,
xor2,11,mlp_16,128,64,64,0,1.000000,0,1.000000,0,1.000000,1,1416,78.861028,,,
xor2,12,bfl_greedy_single,128,64,64,37,0.710938,22,0.656250,20,0.687500,1,1544,1.100529,1856,931,925
xor2,12,bfl_greedy_selected,128,64,64,26,0.796875,21,0.671875,24,0.625000,16,1544,17.211298,1906,955,951
xor2,12,bfl_masked_error_only_single,128,64,64,53,0.585938,25,0.609375,28,0.562500,1,1544,1.336523,1856,925,931
xor2,12,bfl_masked_error_only_selected,128,64,64,46,0.640625,22,0.656250,27,0.578125,16,1544,19.119558,1860,928,929
xor2,12,bfl_masked_single,128,64,64,53,0.585938,25,0.609375,28,0.562500,1,1544,1.316505,1856,925,931
xor2,12,bfl_masked_selected,128,64,64,51,0.601562,23,0.640625,23,0.640625,16,1544,19.406878,1736,850,850
xor2,12,direct_lookup_3ep,128,64,64,0,1.000000,29,0.546875,34,0.468750,1,78684,7.981987,,,
xor2,12,mlp_4,128,64,64,0,1.000000,0,1.000000,0,1.000000,1,360,24.503800,,,
xor2,12,mlp_16,128,64,64,0,1.000000,0,1.000000,0,1.000000,1,1416,76.950104,,,
xor2,13,bfl_greedy_single,128,64,64,42,0.671875,26,0.593750,28,0.562500,1,1544,0.929898,1804,906,884
xor2,13,bfl_greedy_selected,128,64,64,27,0.789062,12,0.812500,23,0.640625,16,1544,17.450106,1836,919,914
xor2,13,bfl_masked_error_only_single,128,64,64,53,0.585938,26,0.593750,30,0.531250,1,1544,1.130155,1799,907,894
xor2,13,bfl_masked_error_only_selected,128,64,64,39,0.695312,16,0.750000,25,0.609375,16,1544,19.012695,1838,914,914
xor2,13,bfl_masked_single,128,64,64,53,0.585938,26,0.593750,30,0.531250,1,1544,1.127990,1799,907,894
xor2,13,bfl_masked_selected,128,64,64,53,0.585938,23,0.640625,25,0.609375,16,1544,19.170953,1914,958,959
xor2,13,direct_lookup_3ep,128,64,64,0,1.000000,32,0.500000,33,0.484375,1,78540,7.991925,,,
xor2,13,mlp_4,128,64,64,0,1.000000,0,1.000000,0,1.000000,1,360,24.067459,,,
xor2,13,mlp_16,128,64,64,0,1.000000,0,1.000000,0,1.000000,1,1416,77.582974,,,
xor2,14,bfl_greedy_single,128,64,64,39,0.695312,27,0.578125,17,0.734375,1,1544,1.023935,1854,939,937
xor2,14,bfl_greedy_selected,128,64,64,41,0.679688,23,0.640625,25,0.609375,16,1544,18.205127,1820,912,908
xor2,14,bfl_masked_error_only_single,128,64,64,45,0.648438,27,0.578125,31,0.515625,1,1544,1.030968,1871,937,941
xor2,14,bfl_masked_error_only_selected,128,64,64,58,0.546875,19,0.703125,34,0.468750,16,1544,18.831183,1836,910,915
xor2,14,bfl_masked_single,128,64,64,45,0.648438,27,0.578125,31,0.515625,1,1544,1.001974,1871,937,941
xor2,14,bfl_masked_selected,128,64,64,58,0.546875,19,0.703125,34,0.468750,16,1544,18.908119,1836,910,915
xor2,14,direct_lookup_3ep,128,64,64,0,1.000000,30,0.531250,32,0.500000,1,78876,8.096131,,,
xor2,14,mlp_4,128,64,64,0,1.000000,0,1.000000,0,1.000000,1,360,24.097526,,,
xor2,14,mlp_16,128,64,64,0,1.000000,0,1.000000,0,1.000000,1,1416,76.651774,,,
xor2,15,bfl_greedy_single,128,64,64,56,0.562500,35,0.453125,31,0.515625,1,1544,1.037851,1827,910,913
xor2,15,bfl_greedy_selected,128,64,64,37,0.710938,23,0.640625,30,0.531250,16,1544,17.497367,1748,905,880
xor2,15,bfl_masked_error_only_single,128,64,64,52,0.593750,26,0.593750,22,0.656250,1,1544,1.416563,1834,919,915
xor2,15,bfl_masked_error_only_selected,128,64,64,53,0.585938,25,0.609375,24,0.625000,16,1544,18.819723,1827,920,908
xor2,15,bfl_masked_single,128,64,64,62,0.515625,24,0.625000,31,0.515625,1,1544,1.519266,1808,907,904
xor2,15,bfl_masked_selected,128,64,64,50,0.609375,21,0.671875,25,0.609375,16,1544,19.612145,1860,928,931
xor2,15,direct_lookup_3ep,128,64,64,0,1.000000,36,0.437500,30,0.531250,1,78300,7.916915,,,
xor2,15,mlp_4,128,64,64,0,1.000000,0,1.000000,0,1.000000,1,360,24.038635,,,
xor2,15,mlp_16,128,64,64,0,1.000000,0,1.000000,0,1.000000,1,1416,77.832333,,,
xor2,16,bfl_greedy_single,128,64,64,39,0.695312,21,0.671875,31,0.515625,1,1544,0.976676,1841,910,908
xor2,16,bfl_greedy_selected,128,64,64,29,0.773438,20,0.687500,26,0.593750,16,1544,17.274560,1782,906,899
xor2,16,bfl_masked_error_only_single,128,64,64,51,0.601562,26,0.593750,32,0.500000,1,1544,1.003326,1763,890,893
xor2,16,bfl_masked_error_only_selected,128,64,64,53,0.585938,24,0.625000,33,0.484375,16,1544,18.380037,1677,827,840
xor2,16,bfl_masked_single,128,64,64,55,0.570312,25,0.609375,37,0.421875,1,1544,1.184887,1798,906,912
xor2,16,bfl_masked_selected,128,64,64,42,0.671875,21,0.671875,25,0.609375,16,1544,18.666746,1853,921,924
xor2,16,direct_lookup_3ep,128,64,64,0,1.000000,28,0.562500,31,0.515625,1,79020,7.993148,,,
xor2,16,mlp_4,128,64,64,0,1.000000,0,1.000000,0,1.000000,1,360,24.252487,,,
xor2,16,mlp_16,128,64,64,0,1.000000,0,1.000000,0,1.000000,1,1416,77.879392,,,
xor2,17,bfl_greedy_single,128,64,64,47,0.632812,34,0.468750,38,0.406250,1,1544,1.052058,1709,859,855
xor2,17,bfl_greedy_selected,128,64,64,29,0.773438,18,0.718750,26,0.593750,16,1544,16.941872,1878,937,933
xor2,17,bfl_masked_error_only_single,128,64,64,53,0.585938,29,0.546875,33,0.484375,1,1544,1.063018,1756,883,876
xor2,17,bfl_masked_error_only_selected,128,64,64,48,0.625000,23,0.640625,30,0.531250,16,1544,18.598377,1854,924,931
xor2,17,bfl_masked_single,128,64,64,62,0.515625,30,0.531250,34,0.468750,1,1544,1.069741,1683,848,859
xor2,17,bfl_masked_selected,128,64,64,45,0.648438,22,0.656250,17,0.734375,16,1544,19.089489,1916,957,957
xor2,17,direct_lookup_3ep,128,64,64,0,1.000000,36,0.437500,31,0.515625,1,78588,7.950187,,,
xor2,17,mlp_4,128,64,64,0,1.000000,0,1.000000,0,1.000000,1,360,23.965698,,,
xor2,17,mlp_16,128,64,64,0,1.000000,0,1.000000,0,1.000000,1,1416,77.741502,,,
xor2,18,bfl_greedy_single,128,64,64,43,0.664062,25,0.609375,15,0.765625,1,1544,1.007014,1855,937,926
xor2,18,bfl_greedy_selected,128,64,64,41,0.679688,20,0.687500,24,0.625000,16,1544,17.266104,1915,957,954
xor2,18,bfl_masked_error_only_single,128,64,64,50,0.609375,30,0.531250,27,0.578125,1,1544,1.317437,1849,918,927
xor2,18,bfl_masked_error_only_selected,128,64,64,48,0.625000,15,0.765625,20,0.687500,16,1544,19.406427,1854,932,934
xor2,18,bfl_masked_single,128,64,64,56,0.562500,29,0.546875,25,0.609375,1,1544,1.440488,1841,915,924
xor2,18,bfl_masked_selected,128,64,64,41,0.679688,25,0.609375,17,0.734375,16,1544,19.703565,1703,868,867
xor2,18,direct_lookup_3ep,128,64,64,0,1.000000,37,0.421875,28,0.562500,1,78780,8.113304,,,
xor2,18,mlp_4,128,64,64,0,1.000000,0,1.000000,0,1.000000,1,360,24.185261,,,
xor2,18,mlp_16,128,64,64,0,1.000000,0,1.000000,0,1.000000,1,1416,77.812235,,,
xor2,19,bfl_greedy_single,128,64,64,23,0.820312,21,0.671875,12,0.812500,1,1544,0.906775,1822,908,898
xor2,19,bfl_greedy_selected,128,64,64,23,0.820312,21,0.671875,12,0.812500,16,1544,17.764359,1822,908,898
xor2,19,bfl_masked_error_only_single,128,64,64,45,0.648438,26,0.593750,19,0.703125,1,1544,0.996814,1868,934,934
xor2,19,bfl_masked_error_only_selected,128,64,64,45,0.648438,26,0.593750,19,0.703125,16,1544,18.026931,1868,934,934
xor2,19,bfl_masked_single,128,64,64,49,0.617188,29,0.546875,27,0.578125,1,1544,0.818709,1843,920,917
xor2,19,bfl_masked_selected,128,64,64,49,0.617188,27,0.578125,17,0.734375,16,1544,17.868012,1864,931,933
xor2,19,direct_lookup_3ep,128,64,64,0,1.000000,30,0.531250,39,0.390625,1,78348,7.974934,,,
xor2,19,mlp_4,128,64,64,0,1.000000,0,1.000000,0,1.000000,1,360,24.018427,,,
xor2,19,mlp_16,128,64,64,0,1.000000,0,1.000000,0,1.000000,1,1416,78.135984,,,
xor2,20,bfl_greedy_single,128,64,64,46,0.640625,27,0.578125,22,0.656250,1,1544,0.956398,1835,919,924
xor2,20,bfl_greedy_selected,128,64,64,30,0.765625,21,0.671875,29,0.546875,16,1544,17.407761,1785,886,885
xor2,20,bfl_masked_error_only_single,128,64,64,43,0.664062,25,0.609375,25,0.609375,1,1544,1.061796,1859,930,920
xor2,20,bfl_masked_error_only_selected,128,64,64,51,0.601562,21,0.671875,35,0.453125,16,1544,18.713175,1899,950,951
xor2,20,bfl_masked_single,128,64,64,57,0.554688,28,0.562500,36,0.437500,1,1544,1.391957,1819,923,914
xor2,20,bfl_masked_selected,128,64,64,51,0.601562,21,0.671875,35,0.453125,16,1544,19.528475,1899,950,951
xor2,20,direct_lookup_3ep,128,64,64,0,1.000000,33,0.484375,33,0.484375,1,78540,8.141647,,,
xor2,20,mlp_4,128,64,64,0,1.000000,0,1.000000,0,1.000000,1,360,24.141749,,,
xor2,20,mlp_16,128,64,64,0,1.000000,0,1.000000,0,1.000000,1,1416,77.941018,,,
majority3,1,bfl_greedy_single,128,64,64,39,0.695312,15,0.765625,17,0.734375,1,1544,1.016992,1820,902,898
majority3,1,bfl_greedy_selected,128,64,64,24,0.812500,10,0.843750,21,0.671875,16,1544,17.723213,1920,960,960
majority3,1,bfl_masked_error_only_single,128,64,64,45,0.648438,20,0.687500,27,0.578125,1,1544,1.027172,1857,923,927
majority3,1,bfl_masked_error_only_selected,128,64,64,35,0.726562,13,0.796875,17,0.734375,16,1544,16.007925,1920,960,960
majority3,1,bfl_masked_single,128,64,64,45,0.648438,20,0.687500,27,0.578125,1,1544,1.002024,1857,923,927
majority3,1,bfl_masked_selected,128,64,64,35,0.726562,13,0.796875,17,0.734375,16,1544,16.427954,1920,960,960
majority3,1,direct_lookup_3ep,128,64,64,0,1.000000,37,0.421875,24,0.625000,1,79116,8.056817,,,
majority3,1,mlp_4,128,64,64,0,1.000000,0,1.000000,0,1.000000,1,360,24.537784,,,
majority3,1,mlp_16,128,64,64,0,1.000000,0,1.000000,0,1.000000,1,1416,76.876487,,,
majority3,2,bfl_greedy_single,128,64,64,36,0.718750,30,0.531250,26,0.593750,1,1544,0.946579,1731,841,862
majority3,2,bfl_greedy_selected,128,64,64,26,0.796875,13,0.796875,19,0.703125,16,1544,17.003610,1833,905,934
majority3,2,bfl_masked_error_only_single,128,64,64,41,0.679688,28,0.562500,24,0.625000,1,1544,1.230905,1751,893,880
majority3,2,bfl_masked_error_only_selected,128,64,64,38,0.703125,16,0.750000,30,0.531250,16,1544,18.213161,1882,940,946
majority3,2,bfl_masked_single,128,64,64,46,0.640625,30,0.531250,23,0.640625,1,1544,1.020017,1682,834,838
majority3,2,bfl_masked_selected,128,64,64,42,0.671875,18,0.718750,30,0.531250,16,1544,18.059180,1714,859,875
majority3,2,direct_lookup_3ep,128,64,64,0,1.000000,33,0.484375,34,0.468750,1,78300,7.927405,,,
majority3,2,mlp_4,128,64,64,0,1.000000,0,1.000000,0,1.000000,1,360,24.168950,,,
majority3,2,mlp_16,128,64,64,0,1.000000,0,1.000000,0,1.000000,1,1416,77.227836,,,
majority3,3,bfl_greedy_single,128,64,64,30,0.765625,15,0.765625,25,0.609375,1,1544,1.178837,1863,936,935
majority3,3,bfl_greedy_selected,128,64,64,30,0.765625,15,0.765625,25,0.609375,16,1544,17.470710,1863,936,935
majority3,3,bfl_masked_error_only_single,128,64,64,41,0.679688,18,0.718750,17,0.734375,1,1544,0.901756,1840,928,920
majority3,3,bfl_masked_error_only_selected,128,64,64,41,0.679688,15,0.765625,21,0.671875,16,1544,15.893711,1834,920,923
majority3,3,bfl_masked_single,128,64,64,41,0.679688,18,0.718750,17,0.734375,1,1544,0.868583,1840,928,920
majority3,3,bfl_masked_selected,128,64,64,41,0.679688,15,0.765625,21,0.671875,16,1544,16.028323,1834,920,923
majority3,3,direct_lookup_3ep,128,64,64,0,1.000000,35,0.453125,34,0.468750,1,78108,8.071495,,,
majority3,3,mlp_4,128,64,64,0,1.000000,0,1.000000,0,1.000000,1,360,24.189559,,,
majority3,3,mlp_16,128,64,64,0,1.000000,0,1.000000,0,1.000000,1,1416,75.309801,,,
majority3,4,bfl_greedy_single,128,64,64,37,0.710938,17,0.734375,32,0.500000,1,1544,1.064321,1865,917,933
majority3,4,bfl_greedy_selected,128,64,64,22,0.828125,13,0.796875,13,0.796875,16,1544,16.913269,1887,942,936
majority3,4,bfl_masked_error_only_single,128,64,64,46,0.640625,28,0.562500,32,0.500000,1,1544,1.131838,1871,936,936
majority3,4,bfl_masked_error_only_selected,128,64,64,40,0.687500,17,0.734375,25,0.609375,16,1544,16.245183,1888,945,935
majority3,4,bfl_masked_single,128,64,64,39,0.695312,24,0.625000,28,0.562500,1,1544,1.017213,1836,920,916
majority3,4,bfl_masked_selected,128,64,64,42,0.671875,13,0.796875,27,0.578125,16,1544,15.888854,1890,951,951
majority3,4,direct_lookup_3ep,128,64,64,0,1.000000,35,0.453125,37,0.421875,1,78348,7.851462,,,
majority3,4,mlp_4,128,64,64,0,1.000000,0,1.000000,0,1.000000,1,360,24.636329,,,
majority3,4,mlp_16,128,64,64,0,1.000000,0,1.000000,0,1.000000,1,1416,76.615736,,,
majority3,5,bfl_greedy_single,128,64,64,29,0.773438,27,0.578125,24,0.625000,1,1544,1.148269,1897,951,947
majority3,5,bfl_greedy_selected,128,64,64,7,0.945312,7,0.890625,9,0.859375,16,1544,16.812701,1886,941,949
majority3,5,bfl_masked_error_only_single,128,64,64,50,0.609375,25,0.609375,33,0.484375,1,1544,1.188674,1902,952,945
majority3,5,bfl_masked_error_only_selected,128,64,64,26,0.796875,15,0.765625,19,0.703125,16,1544,15.800255,1887,950,939
majority3,5,bfl_masked_single,128,64,64,44,0.656250,27,0.578125,28,0.562500,1,1544,1.149511,1900,953,948
majority3,5,bfl_masked_selected,128,64,64,37,0.710938,12,0.812500,21,0.671875,16,1544,16.202215,1886,938,951
majority3,5,direct_lookup_3ep,128,64,64,0,1.000000,35,0.453125,29,0.546875,1,78588,8.039645,,,
majority3,5,mlp_4,128,64,64,0,1.000000,0,1.000000,0,1.000000,1,360,24.632622,,,
majority3,5,mlp_16,128,64,64,0,1.000000,0,1.000000,0,1.000000,1,1416,75.798078,,,
majority3,6,bfl_greedy_single,128,64,64,26,0.796875,24,0.625000,30,0.531250,1,1544,1.354477,1918,960,958
majority3,6,bfl_greedy_selected,128,64,64,20,0.843750,14,0.781250,16,0.750000,16,1544,17.378194,1808,901,911
majority3,6,bfl_masked_error_only_single,128,64,64,48,0.625000,26,0.593750,31,0.515625,1,1544,1.141086,1911,955,955
majority3,6,bfl_masked_error_only_selected,128,64,64,33,0.742188,18,0.718750,15,0.765625,16,1544,15.690150,1852,929,924
majority3,6,bfl_masked_single,128,64,64,53,0.585938,25,0.609375,32,0.500000,1,1544,1.101390,1916,959,959
majority3,6,bfl_masked_selected,128,64,64,31,0.757812,16,0.750000,18,0.718750,16,1544,16.023537,1881,948,940
majority3,6,direct_lookup_3ep,128,64,64,0,1.000000,35,0.453125,31,0.515625,1,78540,7.980855,,,
majority3,6,mlp_4,128,64,64,0,1.000000,0,1.000000,0,1.000000,1,360,24.750223,,,
majority3,6,mlp_16,128,64,64,0,1.000000,0,1.000000,0,1.000000,1,1416,75.226755,,,
majority3,7,bfl_greedy_single,128,64,64,33,0.742188,22,0.656250,25,0.609375,1,1544,1.145354,1870,941,937
majority3,7,bfl_greedy_selected,128,64,64,28,0.781250,14,0.781250,18,0.718750,16,1544,17.080735,1852,929,935
majority3,7,bfl_masked_error_only_single,128,64,64,42,0.671875,24,0.625000,28,0.562500,1,1544,1.034335,1867,930,925
majority3,7,bfl_masked_error_only_selected,128,64,64,38,0.703125,13,0.796875,17,0.734375,16,1544,16.223675,1887,943,949
majority3,7,bfl_masked_single,128,64,64,41,0.679688,34,0.468750,30,0.531250,1,1544,1.205016,1880,935,934
majority3,7,bfl_masked_selected,128,64,64,38,0.703125,13,0.796875,17,0.734375,16,1544,16.353054,1887,943,949
majority3,7,direct_lookup_3ep,128,64,64,0,1.000000,30,0.531250,32,0.500000,1,78828,7.988188,,,
majority3,7,mlp_4,128,64,64,0,1.000000,0,1.000000,0,1.000000,1,360,24.572810,,,
majority3,7,mlp_16,128,64,64,0,1.000000,0,1.000000,0,1.000000,1,1416,75.591631,,,
majority3,8,bfl_greedy_single,128,64,64,16,0.875000,19,0.703125,15,0.765625,1,1544,1.005400,1827,911,913
majority3,8,bfl_greedy_selected,128,64,64,22,0.828125,13,0.796875,11,0.828125,16,1544,16.719373,1832,922,925
majority3,8,bfl_masked_error_only_single,128,64,64,31,0.757812,25,0.609375,19,0.703125,1,1544,0.866570,1724,871,874
majority3,8,bfl_masked_error_only_selected,128,64,64,31,0.757812,8,0.875000,17,0.734375,16,1544,16.164984,1851,922,925
majority3,8,bfl_masked_single,128,64,64,40,0.687500,24,0.625000,16,0.750000,1,1544,0.977047,1631,836,828
majority3,8,bfl_masked_selected,128,64,64,33,0.742188,13,0.796875,17,0.734375,16,1544,15.504038,1887,940,939
majority3,8,direct_lookup_3ep,128,64,64,0,1.000000,35,0.453125,32,0.500000,1,78444,8.082276,,,
majority3,8,mlp_4,128,64,64,0,1.000000,0,1.000000,0,1.000000,1,360,24.707864,,,
majority3,8,mlp_16,128,64,64,0,1.000000,0,1.000000,0,1.000000,1,1416,76.695396,,,
majority3,9,bfl_greedy_single,128,64,64,25,0.804688,19,0.703125,25,0.609375,1,1544,1.087234,1832,898,903
majority3,9,bfl_greedy_selected,128,64,64,28,0.781250,16,0.750000,20,0.687500,16,1544,16.823752,1741,873,854
majority3,9,bfl_masked_error_only_single,128,64,64,38,0.703125,27,0.578125,21,0.671875,1,1544,0.936581,1797,908,905
majority3,9,bfl_masked_error_only_selected,128,64,64,41,0.679688,14,0.781250,24,0.625000,16,1544,17.365772,1873,940,938
majority3,9,bfl_masked_single,128,64,64,38,0.703125,27,0.578125,21,0.671875,1,1544,0.920020,1797,908,905
majority3,9,bfl_masked_selected,128,64,64,41,0.679688,14,0.781250,24,0.625000,16,1544,16.625007,1873,940,938
majority3,9,direct_lookup_3ep,128,64,64,0,1.000000,33,0.484375,31,0.515625,1,78492,7.912135,,,
majority3,9,mlp_4,128,64,64,0,1.000000,0,1.000000,0,1.000000,1,360,24.513508,,,
majority3,9,mlp_16,128,64,64,0,1.000000,0,1.000000,0,1.000000,1,1416,76.127077,,,
majority3,10,bfl_greedy_single,128,64,64,35,0.726562,25,0.609375,25,0.609375,1,1544,1.011211,1799,902,899
majority3,10,bfl_greedy_selected,128,64,64,9,0.929688,9,0.859375,10,0.843750,16,1544,16.350410,1876,943,945
majority3,10,bfl_masked_error_only_single,128,64,64,44,0.656250,31,0.515625,21,0.671875,1,1544,1.090240,1778,883,884
majority3,10,bfl_masked_error_only_selected,128,64,64,37,0.710938,15,0.765625,20,0.687500,16,1544,15.408779,1898,951,951
majority3,10,bfl_masked_single,128,64,64,45,0.648438,25,0.609375,25,0.609375,1,1544,1.083186,1766,898,884
majority3,10,bfl_masked_selected,128,64,64,32,0.750000,13,0.796875,20,0.687500,16,1544,15.219482,1901,953,955
majority3,10,direct_lookup_3ep,128,64,64,0,1.000000,35,0.453125,30,0.531250,1,78684,7.958973,,,
majority3,10,mlp_4,128,64,64,0,1.000000,0,1.000000,0,1.000000,1,360,24.603357,,,
majority3,10,mlp_16,128,64,64,0,1.000000,0,1.000000,0,1.000000,1,1416,76.271398,,,
majority3,11,bfl_greedy_single,128,64,64,28,0.781250,20,0.687500,26,0.593750,1,1544,0.942482,1805,892,903
majority3,11,bfl_greedy_selected,128,64,64,27,0.789062,15,0.765625,18,0.718750,16,1544,17.106923,1882,932,940
majority3,11,bfl_masked_error_only_single,128,64,64,44,0.656250,29,0.546875,25,0.609375,1,1544,1.013806,1793,879,885
majority3,11,bfl_masked_error_only_selected,128,64,64,15,0.882812,6,0.906250,3,0.953125,16,1544,14.482640,1796,901,884
majority3,11,bfl_masked_single,128,64,64,45,0.648438,33,0.484375,32,0.500000,1,1544,0.967969,1773,874,901
majority3,11,bfl_masked_selected,128,64,64,15,0.882812,6,0.906250,3,0.953125,16,1544,14.246230,1796,901,884
majority3,11,direct_lookup_3ep,128,64,64,0,1.000000,32,0.500000,28,0.562500,1,78780,7.974623,,,
majority3,11,mlp_4,128,64,64,0,1.000000,0,1.000000,0,1.000000,1,360,24.470326,,,
majority3,11,mlp_16,128,64,64,0,1.000000,0,1.000000,0,1.000000,1,1416,76.565732,,,
majority3,12,bfl_greedy_single,128,64,64,27,0.789062,27,0.578125,18,0.718750,1,1544,1.187633,1856,931,925
majority3,12,bfl_greedy_selected,128,64,64,25,0.804688,15,0.765625,21,0.671875,16,1544,16.490442,1887,938,937
majority3,12,bfl_masked_error_only_single,128,64,64,38,0.703125,26,0.593750,22,0.656250,1,1544,1.221477,1857,928,927
majority3,12,bfl_masked_error_only_selected,128,64,64,32,0.750000,15,0.765625,24,0.625000,16,1544,15.634967,1884,938,936
majority3,12,bfl_masked_single,128,64,64,38,0.703125,26,0.593750,22,0.656250,1,1544,1.224382,1857,928,927
majority3,12,bfl_masked_selected,128,64,64,32,0.750000,15,0.765625,24,0.625000,16,1544,16.205266,1884,938,936
majority3,12,direct_lookup_3ep,128,64,64,0,1.000000,31,0.515625,32,0.500000,1,78828,8.048382,,,
majority3,12,mlp_4,128,64,64,0,1.000000,0,1.000000,0,1.000000,1,360,24.647370,,,
majority3,12,mlp_16,128,64,64,0,1.000000,0,1.000000,0,1.000000,1,1416,75.184014,,,
majority3,13,bfl_greedy_single,128,64,64,33,0.742188,21,0.671875,25,0.609375,1,1544,0.933635,1798,913,885
majority3,13,bfl_greedy_selected,128,64,64,24,0.812500,15,0.765625,18,0.718750,16,1544,17.321746,1710,865,893
majority3,13,bfl_masked_error_only_single,128,64,64,35,0.726562,22,0.656250,26,0.593750,1,1544,0.897919,1799,907,894
majority3,13,bfl_masked_error_only_selected,128,64,64,31,0.757812,19,0.703125,16,0.750000,16,1544,15.939980,1768,893,871
majority3,13,bfl_masked_single,128,64,64,35,0.726562,22,0.656250,26,0.593750,1,1544,0.882489,1799,907,894
majority3,13,bfl_masked_selected,128,64,64,31,0.757812,19,0.703125,16,0.750000,16,1544,15.505182,1768,893,871
majority3,13,direct_lookup_3ep,128,64,64,0,1.000000,32,0.500000,37,0.421875,1,78396,8.019728,,,
majority3,13,mlp_4,128,64,64,0,1.000000,0,1.000000,0,1.000000,1,360,25.008769,,,
majority3,13,mlp_16,128,64,64,0,1.000000,0,1.000000,0,1.000000,1,1416,75.880304,,,
majority3,14,bfl_greedy_single,128,64,64,28,0.781250,14,0.781250,19,0.703125,1,1544,1.089859,1882,938,941
majority3,14,bfl_greedy_selected,128,64,64,14,0.890625,14,0.781250,13,0.796875,16,1544,18.128743,1857,929,936
majority3,14,bfl_masked_error_only_single,128,64,64,38,0.703125,24,0.625000,18,0.718750,1,1544,0.808140,1883,941,938
majority3,14,bfl_masked_error_only_selected,128,64,64,32,0.750000,18,0.718750,20,0.687500,16,1544,16.030931,1912,959,958
majority3,14,bfl_masked_single,128,64,64,38,0.703125,24,0.625000,18,0.718750,1,1544,0.801537,1883,941,938
majority3,14,bfl_masked_selected,128,64,64,32,0.750000,18,0.718750,20,0.687500,16,1544,15.991277,1912,959,958
majority3,14,direct_lookup_3ep,128,64,64,0,1.000000,34,0.468750,33,0.484375,1,78300,8.041830,,,
majority3,14,mlp_4,128,64,64,0,1.000000,0,1.000000,0,1.000000,1,360,24.878665,,,
majority3,14,mlp_16,128,64,64,0,1.000000,0,1.000000,0,1.000000,1,1416,76.238958,,,
majority3,15,bfl_greedy_single,128,64,64,20,0.843750,21,0.671875,18,0.718750,1,1544,0.961779,1821,908,919
majority3,15,bfl_greedy_selected,128,64,64,21,0.835938,16,0.750000,18,0.718750,16,1544,17.100690,1828,906,889
majority3,15,bfl_masked_error_only_single,128,64,64,34,0.734375,23,0.640625,20,0.687500,1,1544,0.898740,1832,916,922
majority3,15,bfl_masked_error_only_selected,128,64,64,29,0.773438,16,0.750000,17,0.734375,16,1544,14.946861,1906,951,948
majority3,15,bfl_masked_single,128,64,64,34,0.734375,23,0.640625,20,0.687500,1,1544,0.909710,1832,916,922
majority3,15,bfl_masked_selected,128,64,64,36,0.718750,17,0.734375,15,0.765625,16,1544,15.496914,1874,925,935
majority3,15,direct_lookup_3ep,128,64,64,0,1.000000,32,0.500000,33,0.484375,1,78444,8.131198,,,
majority3,15,mlp_4,128,64,64,0,1.000000,0,1.000000,0,1.000000,1,360,24.649323,,,
majority3,15,mlp_16,128,64,64,0,1.000000,0,1.000000,0,1.000000,1,1416,76.341650,,,
majority3,16,bfl_greedy_single,128,64,64,31,0.757812,18,0.718750,19,0.703125,1,1544,0.927113,1818,908,899
majority3,16,bfl_greedy_selected,128,64,64,12,0.906250,8,0.875000,10,0.843750,16,1544,17.278827,1920,960,960
majority3,16,bfl_masked_error_only_single,128,64,64,46,0.640625,27,0.578125,22,0.656250,1,1544,1.332174,1839,931,932
majority3,16,bfl_masked_error_only_selected,128,64,64,38,0.703125,15,0.765625,23,0.640625,16,1544,15.724934,1822,908,914
majority3,16,bfl_masked_single,128,64,64,46,0.640625,28,0.562500,24,0.625000,1,1544,1.264717,1834,916,920
majority3,16,bfl_masked_selected,128,64,64,41,0.679688,14,0.781250,22,0.656250,16,1544,16.009550,1639,822,816
majority3,16,direct_lookup_3ep,128,64,64,0,1.000000,33,0.484375,35,0.453125,1,78348,7.904201,,,
majority3,16,mlp_4,128,64,64,0,1.000000,0,1.000000,0,1.000000,1,360,24.567640,,,
majority3,16,mlp_16,128,64,64,0,1.000000,0,1.000000,0,1.000000,1,1416,75.645272,,,
majority3,17,bfl_greedy_single,128,64,64,32,0.750000,20,0.687500,23,0.640625,1,1544,0.932573,1696,831,857
majority3,17,bfl_greedy_selected,128,64,64,25,0.804688,18,0.718750,21,0.671875,16,1544,17.143862,1760,893,909
majority3,17,bfl_masked_error_only_single,128,64,64,43,0.664062,22,0.656250,24,0.625000,1,1544,0.943834,1719,867,858
majority3,17,bfl_masked_error_only_selected,128,64,64,31,0.757812,14,0.781250,20,0.687500,16,1544,15.275000,1911,954,951
majority3,17,bfl_masked_single,128,64,64,43,0.664062,22,0.656250,24,0.625000,1,1544,0.922354,1719,867,858
majority3,17,bfl_masked_selected,128,64,64,31,0.757812,14,0.781250,20,0.687500,16,1544,15.232497,1911,954,951
majority3,17,direct_lookup_3ep,128,64,64,0,1.000000,33,0.484375,25,0.609375,1,79212,8.015410,,,
majority3,17,mlp_4,128,64,64,0,1.000000,0,1.000000,0,1.000000,1,360,24.947925,,,
majority3,17,mlp_16,128,64,64,0,1.000000,0,1.000000,0,1.000000,1,1416,76.232626,,,
majority3,18,bfl_greedy_single,128,64,64,28,0.781250,26,0.593750,20,0.687500,1,1544,1.019266,1853,921,922
majority3,18,bfl_greedy_selected,128,64,64,25,0.804688,12,0.812500,21,0.671875,16,1544,17.024898,1912,957,959
majority3,18,bfl_masked_error_only_single,128,64,64,41,0.679688,23,0.640625,22,0.656250,1,1544,0.877771,1859,925,940
majority3,18,bfl_masked_error_only_selected,128,64,64,30,0.765625,18,0.718750,19,0.703125,16,1544,15.984015,1917,957,958
majority3,18,bfl_masked_single,128,64,64,41,0.679688,23,0.640625,22,0.656250,1,1544,0.866900,1859,925,940
majority3,18,bfl_masked_selected,128,64,64,30,0.765625,19,0.703125,25,0.609375,16,1544,16.586041,1920,960,960
majority3,18,direct_lookup_3ep,128,64,64,0,1.000000,34,0.468750,34,0.468750,1,77964,7.943274,,,
majority3,18,mlp_4,128,64,64,0,1.000000,0,1.000000,0,1.000000,1,360,24.933748,,,
majority3,18,mlp_16,128,64,64,0,1.000000,0,1.000000,0,1.000000,1,1416,76.488888,,,
majority3,19,bfl_greedy_single,128,64,64,14,0.890625,15,0.765625,25,0.609375,1,1544,0.939376,1803,908,913
majority3,19,bfl_greedy_selected,128,64,64,14,0.890625,15,0.765625,25,0.609375,16,1544,17.891036,1803,908,913
majority3,19,bfl_masked_error_only_single,128,64,64,33,0.742188,13,0.796875,28,0.562500,1,1544,0.867772,1849,925,923
majority3,19,bfl_masked_error_only_selected,128,64,64,33,0.742188,13,0.796875,28,0.562500,16,1544,16.769401,1849,925,923
majority3,19,bfl_masked_single,128,64,64,25,0.804688,14,0.781250,21,0.671875,1,1544,0.722168,1842,919,923
majority3,19,bfl_masked_selected,128,64,64,47,0.632812,13,0.796875,26,0.593750,16,1544,16.181296,1774,894,897
majority3,19,direct_lookup_3ep,128,64,64,0,1.000000,35,0.453125,26,0.593750,1,78876,8.004329,,,
majority3,19,mlp_4,128,64,64,0,1.000000,0,1.000000,0,1.000000,1,360,24.820315,,,
majority3,19,mlp_16,128,64,64,0,1.000000,0,1.000000,0,1.000000,1,1416,74.615084,,,
majority3,20,bfl_greedy_single,128,64,64,33,0.742188,28,0.562500,28,0.562500,1,1544,1.023916,1841,909,932
majority3,20,bfl_greedy_selected,128,64,64,23,0.820312,13,0.796875,15,0.765625,16,1544,17.049334,1869,936,942
majority3,20,bfl_masked_error_only_single,128,64,64,37,0.710938,22,0.656250,23,0.640625,1,1544,1.032712,1847,925,918
majority3,20,bfl_masked_error_only_selected,128,64,64,30,0.765625,13,0.796875,15,0.765625,16,1544,16.273786,1906,950,945
majority3,20,bfl_masked_single,128,64,64,37,0.710938,22,0.656250,23,0.640625,1,1544,1.003396,1847,925,918
majority3,20,bfl_masked_selected,128,64,64,30,0.765625,13,0.796875,15,0.765625,16,1544,16.435792,1906,950,945
majority3,20,direct_lookup_3ep,128,64,64,0,1.000000,30,0.531250,39,0.390625,1,78396,7.911745,,,
majority3,20,mlp_4,128,64,64,0,1.000000,0,1.000000,0,1.000000,1,360,24.620108,,,
majority3,20,mlp_16,128,64,64,0,1.000000,0,1.000000,0,1.000000,1,1416,74.800132,,,
