weight,validation_errors,validation_samples,validation_accuracy
1,1048,3840,0.727083
2,999,3840,0.739844
3,995,3840,0.740885
4,996,3840,0.740625
5,992,3840,0.741667
6,986,3840,0.743229
7,991,3840,0.741927
8,978,3840,0.745313
9,978,3840,0.745313
10,982,3840,0.744271
11,986,3840,0.743229
12,980,3840,0.744792
13,985,3840,0.743490
14,986,3840,0.743229
15,985,3840,0.743490
16,984,3840,0.743750
17,977,3840,0.745573
18,983,3840,0.744010
19,987,3840,0.742969
20,985,3840,0.743490
21,988,3840,0.742708
22,991,3840,0.741927
23,993,3840,0.741406
24,993,3840,0.741406
25,992,3840,0.741667
26,1000,3840,0.739583
27,995,3840,0.740885
28,1000,3840,0.739583
29,1001,3840,0.739323
30,997,3840,0.740365
31,996,3840,0.740625
32,997,3840,0.740365
33,997,3840,0.740365
34,994,3840,0.741146
35,994,3840,0.741146
36,1000,3840,0.739583
37,997,3840,0.740365
38,997,3840,0.740365
39,1000,3840,0.739583
40,1000,3840,0.739583
41,1000,3840,0.739583
42,997,3840,0.740365
43,996,3840,0.740625
44,996,3840,0.740625
45,996,3840,0.740625
46,996,3840,0.740625
47,996,3840,0.740625
48,998,3840,0.740104
49,998,3840,0.740104
50,998,3840,0.740104
51,998,3840,0.740104
52,998,3840,0.740104
53,998,3840,0.740104
54,998,3840,0.740104
55,991,3840,0.741927
56,991,3840,0.741927
57,991,3840,0.741927
58,991,3840,0.741927
59,991,3840,0.741927
60,991,3840,0.741927
61,991,3840,0.741927
62,991,3840,0.741927
63,991,3840,0.741927
64,991,3840,0.741927
65,991,3840,0.741927
66,991,3840,0.741927
67,991,3840,0.741927
68,991,3840,0.741927
69,987,3840,0.742969
70,990,3840,0.742188
71,987,3840,0.742969
72,987,3840,0.742969
73,987,3840,0.742969
74,987,3840,0.742969
75,987,3840,0.742969
76,987,3840,0.742969
77,987,3840,0.742969
78,987,3840,0.742969
79,987,3840,0.742969
80,987,3840,0.742969
81,987,3840,0.742969
82,987,3840,0.742969
83,987,3840,0.742969
84,987,3840,0.742969
85,987,3840,0.742969
86,987,3840,0.742969
87,987,3840,0.742969
88,987,3840,0.742969
89,987,3840,0.742969
90,987,3840,0.742969
91,987,3840,0.742969
92,987,3840,0.742969
93,987,3840,0.742969
94,987,3840,0.742969
95,987,3840,0.742969
96,984,3840,0.743750
97,984,3840,0.743750
98,984,3840,0.743750
99,984,3840,0.743750
100,984,3840,0.743750
101,984,3840,0.743750
102,984,3840,0.743750
103,984,3840,0.743750
104,984,3840,0.743750
105,984,3840,0.743750
106,984,3840,0.743750
107,984,3840,0.743750
108,984,3840,0.743750
109,984,3840,0.743750
110,984,3840,0.743750
111,984,3840,0.743750
112,984,3840,0.743750
113,984,3840,0.743750
114,984,3840,0.743750
115,984,3840,0.743750
116,984,3840,0.743750
117,984,3840,0.743750
118,984,3840,0.743750
119,984,3840,0.743750
120,984,3840,0.743750
121,984,3840,0.743750
122,984,3840,0.743750
123,984,3840,0.743750
124,984,3840,0.743750
125,984,3840,0.743750
126,984,3840,0.743750
127,984,3840,0.743750
128,984,3840,0.743750
256,984,3840,0.743750
512,984,3840,0.743750
1024,984,3840,0.743750
25000,984,3840,0.743750
