input_bits,seed,model,train_samples,test_samples,nodes,model_bytes,order,budget,inference_repeats,training_ms,inference_ns_per_sample,batch_inference_ns_per_sample,packed_backend,train_loss,train_bit_accuracy,train_exact_accuracy,test_loss,test_bit_accuracy,test_exact_accuracy,proposals_evaluated,flips_accepted
4,1,bfl,8,4,68,3136,topological,2000,1000,0.039251,186.616500,159.884750,avx2,0,1.000000,1.000000,4,0.500000,0.250000,9,9
4,1,majority,8,4,0,26,none,0,1000,0.001397,13.951000,17.320500,none,7,0.562500,0.125000,4,0.500000,0.250000,0,0
4,2,bfl,8,4,68,3136,topological,2000,1000,0.037645,187.140500,131.616500,avx2,0,1.000000,1.000000,4,0.500000,0.000000,10,10
4,2,majority,8,4,0,26,none,0,1000,0.001467,13.706250,17.285750,none,6,0.625000,0.375000,4,0.500000,0.000000,0,0
4,3,bfl,8,4,68,3136,topological,2000,1000,0.027937,189.165750,134.287750,avx2,0,1.000000,1.000000,7,0.125000,0.000000,8,8
4,3,majority,8,4,0,26,none,0,1000,0.000908,14.789000,18.106500,none,4,0.750000,0.625000,3,0.625000,0.250000,0,0
6,1,bfl,32,16,262,12352,topological,2000,1000,1.266507,644.864500,99.742500,avx2,0,1.000000,1.000000,15,0.531250,0.250000,40,40
6,1,majority,32,16,0,26,none,0,1000,0.001397,16.482625,20.415563,none,24,0.625000,0.468750,17,0.468750,0.187500,0,0
6,2,bfl,32,16,262,12352,topological,2000,1000,1.397809,645.357750,102.152000,avx2,0,1.000000,1.000000,14,0.562500,0.312500,43,43
6,2,majority,32,16,0,26,none,0,1000,0.001956,15.605250,18.778625,none,21,0.671875,0.562500,18,0.437500,0.187500,0,0
6,3,bfl,32,16,262,12352,topological,2000,1000,1.038544,647.291500,101.667438,avx2,0,1.000000,1.000000,18,0.437500,0.250000,34,34
6,3,majority,32,16,0,26,none,0,1000,0.001397,15.138188,19.651688,none,26,0.593750,0.281250,14,0.562500,0.250000,0,0
8,1,bfl,128,64,1032,49216,topological,2000,1000,64.556432,2254.359828,109.870594,avx2,0,1.000000,1.000000,68,0.468750,0.125000,154,154
8,1,majority,128,64,0,26,none,0,1000,0.001955,14.202938,33.492297,none,102,0.601562,0.304688,60,0.531250,0.187500,0,0
8,2,bfl,128,64,1032,49216,topological,2000,1000,63.302009,2261.841609,109.894594,avx2,0,1.000000,1.000000,75,0.414062,0.078125,150,150
8,2,majority,128,64,0,26,none,0,1000,0.002864,14.130906,30.532766,none,106,0.585938,0.257812,53,0.585938,0.250000,0,0
8,3,bfl,128,64,1032,49216,topological,2000,1000,60.713681,2712.052266,107.080187,avx2,0,1.000000,1.000000,69,0.460938,0.171875,146,146
8,3,majority,128,64,0,26,none,0,1000,0.002305,13.647469,29.396750,none,102,0.601562,0.414062,61,0.523438,0.312500,0,0
