input_bits,seed,model,route_prefix_bits,train_samples,test_samples,nodes,selector_states,model_bytes,epochs,inference_repeats,training_ms,inference_ns_per_sample,batch_inference_ns_per_sample,train_loss,train_bit_accuracy,train_exact_accuracy,test_loss,test_bit_accuracy,test_exact_accuracy,comparisons,state_updates,distinct_routes,distinct_adaptive_routes,adaptive_addresses,used_adaptive_addresses,mean_examples_per_route
4,1,bfl,0,8,4,68,41,9872,1,100,0.073686,549.842500,519.987500,2,0.875000,0.750000,4,0.500000,0.250000,16,9,2,2,62,16,7.500000
4,1,majority,0,8,4,0,2,26,0,100,0.001886,20.430000,27.062500,7,0.562500,0.125000,4,0.500000,0.250000,0,0,0,0,0,0,0.000000
4,2,bfl,0,8,4,68,42,9920,1,100,0.067539,514.225000,518.240000,3,0.812500,0.625000,4,0.500000,0.000000,16,10,2,2,61,16,7.500000
4,2,majority,0,8,4,0,2,26,0,100,0.001467,20.080000,25.492500,6,0.625000,0.375000,4,0.500000,0.000000,0,0,0,0,0,0,0.000000
4,3,bfl,0,8,4,68,40,9824,1,100,0.066072,511.255000,550.890000,1,0.937500,0.875000,7,0.125000,0.000000,16,8,2,2,62,16,7.000000
4,3,majority,0,8,4,0,2,26,0,100,0.001466,20.080000,26.715000,4,0.750000,0.625000,3,0.625000,0.250000,0,0,0,0,0,0,0.000000
6,1,bfl,0,32,16,262,168,39392,1,100,0.885897,1764.251250,1820.256875,11,0.828125,0.656250,15,0.531250,0.250000,64,40,2,2,254,64,30.000000
6,1,majority,0,32,16,0,2,26,0,100,0.002375,17.417500,23.921875,24,0.625000,0.468750,17,0.468750,0.187500,0,0,0,0,0,0,0.000000
6,2,bfl,0,32,16,262,171,39536,1,100,0.850276,1688.514375,1680.788125,11,0.828125,0.656250,14,0.562500,0.312500,64,43,2,2,251,64,30.500000
6,2,majority,0,32,16,0,2,26,0,100,0.001397,17.548125,24.401875,21,0.671875,0.562500,18,0.437500,0.187500,0,0,0,0,0,0,0.000000
6,3,bfl,0,32,16,262,162,39104,1,100,0.938769,1670.878750,1701.610000,13,0.796875,0.593750,18,0.437500,0.250000,64,34,2,2,253,64,29.000000
6,3,majority,0,32,16,0,2,26,0,100,0.001397,18.814375,24.270625,26,0.593750,0.281250,14,0.562500,0.250000,0,0,0,0,0,0,0.000000
8,1,bfl,0,128,64,1032,666,156992,1,100,13.934301,6691.830781,6760.910625,40,0.843750,0.687500,68,0.468750,0.125000,256,154,2,2,1022,256,118.500000
8,1,majority,0,128,64,0,2,26,0,100,0.007194,19.676250,44.623594,102,0.601562,0.304688,60,0.531250,0.187500,0,0,0,0,0,0,0.000000
8,2,bfl,0,128,64,1032,662,156800,1,100,13.226086,6218.781875,6398.116406,32,0.875000,0.750000,75,0.414062,0.078125,256,150,2,2,1021,256,116.000000
8,2,majority,0,128,64,0,2,26,0,100,0.002305,14.361562,41.240469,106,0.585938,0.257812,53,0.585938,0.250000,0,0,0,0,0,0,0.000000
8,3,bfl,0,128,64,1032,658,156608,1,100,13.117618,6019.192813,6137.981563,35,0.863281,0.726562,69,0.460938,0.171875,256,146,2,2,1015,256,116.000000
8,3,majority,0,128,64,0,2,26,0,100,0.001885,15.190938,39.723594,102,0.601562,0.414062,61,0.523438,0.312500,0,0,0,0,0,0,0.000000
4,1,bfl,4,8,4,68,41,9872,1,100,0.068936,436.872500,442.285000,2,0.875000,0.750000,4,0.500000,0.250000,16,9,5,5,89,16,3.400000
4,1,majority,4,8,4,0,2,26,0,100,0.001886,18.160000,22.872500,7,0.562500,0.125000,4,0.500000,0.250000,0,0,0,0,0,0,0.000000
4,2,bfl,4,8,4,68,42,9920,1,100,0.064535,468.302500,457.650000,3,0.812500,0.625000,4,0.500000,0.000000,16,10,4,4,85,16,4.250000
4,2,majority,4,8,4,0,2,26,0,100,0.001397,18.857500,22.872500,6,0.625000,0.375000,4,0.500000,0.000000,0,0,0,0,0,0,0.000000
4,3,bfl,4,8,4,68,40,9824,1,100,0.061462,438.617500,436.000000,1,0.937500,0.875000,7,0.125000,0.000000,16,8,5,5,79,16,3.400000
4,3,majority,4,8,4,0,2,26,0,100,0.001467,17.810000,21.650000,4,0.750000,0.625000,3,0.625000,0.250000,0,0,0,0,0,0,0.000000
6,1,bfl,4,32,16,262,168,39392,1,100,0.790351,1481.209375,1502.424375,11,0.828125,0.656250,15,0.531250,0.250000,64,40,5,5,377,64,12.600000
6,1,majority,4,32,16,0,2,26,0,100,0.001467,17.330000,21.128125,24,0.625000,0.468750,17,0.468750,0.187500,0,0,0,0,0,0,0.000000
6,2,bfl,4,32,16,262,171,39536,1,100,0.838613,1476.538750,1555.768125,11,0.828125,0.656250,14,0.562500,0.312500,64,43,2,2,251,64,30.500000
6,2,majority,4,32,16,0,2,26,0,100,0.001397,16.413125,20.909375,21,0.671875,0.562500,18,0.437500,0.187500,0,0,0,0,0,0,0.000000
6,3,bfl,4,32,16,262,162,39104,1,100,0.768350,1488.019375,1473.221250,13,0.796875,0.593750,18,0.437500,0.250000,64,34,4,4,376,64,14.750000
6,3,majority,4,32,16,0,2,26,0,100,0.001886,15.801875,21.084375,26,0.593750,0.281250,14,0.562500,0.250000,0,0,0,0,0,0,0.000000
8,1,bfl,4,128,64,1032,666,156992,1,100,13.397133,5812.313594,5966.417188,40,0.843750,0.687500,68,0.468750,0.125000,256,154,5,5,2038,256,48.200000
8,1,majority,4,128,64,0,2,26,0,100,0.002444,13.325000,40.182031,102,0.601562,0.304688,60,0.531250,0.187500,0,0,0,0,0,0,0.000000
8,2,bfl,4,128,64,1032,662,156800,1,100,11.804698,5647.897344,5640.083438,32,0.875000,0.750000,75,0.414062,0.078125,256,150,4,4,1528,256,58.500000
8,2,majority,4,128,64,0,2,26,0,100,0.002374,15.365625,40.705625,106,0.585938,0.257812,53,0.585938,0.250000,0,0,0,0,0,0,0.000000
8,3,bfl,4,128,64,1032,658,156608,1,100,11.880617,5829.970938,5869.858281,35,0.863281,0.726562,69,0.460938,0.171875,256,146,2,2,1015,256,116.000000
8,3,majority,4,128,64,0,2,26,0,100,0.002864,20.494844,43.237656,102,0.601562,0.414062,61,0.523438,0.312500,0,0,0,0,0,0,0.000000
4,1,bfl,8,8,4,68,41,9872,1,100,0.071380,405.092500,442.810000,2,0.875000,0.750000,4,0.500000,0.250000,16,9,9,9,112,16,2.777778
4,1,majority,8,8,4,0,2,26,0,100,0.001467,17.635000,23.047500,7,0.562500,0.125000,4,0.500000,0.250000,0,0,0,0,0,0,0.000000
4,2,bfl,8,8,4,68,42,9920,1,100,0.067329,403.347500,416.267500,3,0.812500,0.625000,4,0.500000,0.000000,16,10,8,8,105,16,2.750000
4,2,majority,8,8,4,0,2,26,0,100,0.001397,17.985000,21.477500,6,0.625000,0.375000,4,0.500000,0.000000,0,0,0,0,0,0,0.000000
4,3,bfl,8,8,4,68,40,9824,1,100,0.059577,417.142500,393.917500,1,0.937500,0.875000,7,0.125000,0.000000,16,8,9,9,79,16,2.333333
4,3,majority,8,8,4,0,2,26,0,100,0.001466,16.587500,22.525000,4,0.750000,0.625000,3,0.625000,0.250000,0,0,0,0,0,0,0.000000
6,1,bfl,8,32,16,262,168,39392,1,100,0.782319,1484.963750,1477.368125,11,0.828125,0.656250,15,0.531250,0.250000,64,40,9,9,613,64,7.777778
6,1,majority,8,32,16,0,2,26,0,100,0.002375,22.917500,25.623750,24,0.625000,0.468750,17,0.468750,0.187500,0,0,0,0,0,0,0.000000
6,2,bfl,8,32,16,262,171,39536,1,100,0.957277,1379.718125,1524.381875,11,0.828125,0.656250,14,0.562500,0.312500,64,43,6,6,490,64,11.000000
6,2,majority,8,32,16,0,2,26,0,100,0.001467,15.758750,19.687500,21,0.671875,0.562500,18,0.437500,0.187500,0,0,0,0,0,0,0.000000
6,3,bfl,8,32,16,262,162,39104,1,100,0.809838,1404.294375,1410.186875,13,0.796875,0.593750,18,0.437500,0.250000,64,34,8,8,492,64,8.250000
6,3,majority,8,32,16,0,2,26,0,100,0.001397,14.928750,19.948750,26,0.593750,0.281250,14,0.562500,0.250000,0,0,0,0,0,0,0.000000
8,1,bfl,8,128,64,1032,666,156992,1,100,12.555098,5707.962812,5818.315781,40,0.843750,0.687500,68,0.468750,0.125000,256,154,9,9,3045,256,28.111111
8,1,majority,8,128,64,0,2,26,0,100,0.005727,15.234687,40.705781,102,0.601562,0.304688,60,0.531250,0.187500,0,0,0,0,0,0,0.000000
8,2,bfl,8,128,64,1032,662,156800,1,100,11.983497,5614.208594,5657.686250,32,0.875000,0.750000,75,0.414062,0.078125,256,150,8,8,2031,256,30.250000
8,2,majority,8,128,64,0,2,26,0,100,0.002305,15.572969,38.697812,106,0.585938,0.257812,53,0.585938,0.250000,0,0,0,0,0,0,0.000000
8,3,bfl,8,128,64,1032,658,156608,1,100,11.887462,5697.933437,5930.294531,35,0.863281,0.726562,69,0.460938,0.171875,256,146,2,2,1015,256,116.000000
8,3,majority,8,128,64,0,2,26,0,100,0.002374,13.466875,39.800000,102,0.601562,0.414062,61,0.523438,0.312500,0,0,0,0,0,0,0.000000
4,1,bfl,16,8,4,68,41,9872,1,100,0.082555,487.857500,493.795000,3,0.812500,0.625000,4,0.500000,0.250000,16,9,17,17,144,16,3.058824
4,1,majority,16,8,4,0,2,26,0,100,0.001397,19.905000,21.652500,7,0.562500,0.125000,4,0.500000,0.250000,0,0,0,0,0,0,0.000000
4,2,bfl,16,8,4,68,42,9920,1,100,0.074523,438.795000,442.460000,3,0.812500,0.625000,4,0.500000,0.000000,16,10,16,16,131,16,2.687500
4,2,majority,16,8,4,0,2,26,0,100,0.000978,16.762500,20.427500,6,0.625000,0.375000,4,0.500000,0.000000,0,0,0,0,0,0,0.000000
4,3,bfl,16,8,4,68,40,9824,1,100,0.065304,433.380000,438.967500,1,0.937500,0.875000,7,0.125000,0.000000,16,8,17,17,91,16,1.823529
4,3,majority,16,8,4,0,2,26,0,100,0.001467,17.635000,21.127500,4,0.750000,0.625000,3,0.625000,0.250000,0,0,0,0,0,0,0.000000
6,1,bfl,16,32,16,262,168,39392,1,100,0.843642,1423.981250,1453.883125,11,0.828125,0.656250,15,0.531250,0.250000,64,40,17,17,719,64,5.764706
6,1,majority,16,32,16,0,2,26,0,100,0.001886,15.496875,20.866250,24,0.625000,0.468750,17,0.468750,0.187500,0,0,0,0,0,0,0.000000
6,2,bfl,16,32,16,262,171,39536,1,100,0.827229,1430.703750,1420.489375,11,0.828125,0.656250,14,0.562500,0.312500,64,43,14,14,828,64,6.857143
6,2,majority,16,32,16,0,2,26,0,100,0.001397,15.801875,19.686875,21,0.671875,0.562500,18,0.437500,0.187500,0,0,0,0,0,0,0.000000
6,3,bfl,16,32,16,262,162,39104,1,100,0.815704,1395.825625,1402.591875,13,0.796875,0.593750,18,0.437500,0.250000,64,34,16,16,830,64,5.687500
6,3,majority,16,32,16,0,2,26,0,100,0.001467,14.885625,20.255000,26,0.593750,0.281250,14,0.562500,0.250000,0,0,0,0,0,0,0.000000
8,1,bfl,16,128,64,1032,666,156992,1,100,12.932951,5613.782812,5677.515000,40,0.843750,0.687500,68,0.468750,0.125000,256,154,17,17,4038,256,17.411765
8,1,majority,16,128,64,0,2,26,0,100,0.003353,15.594844,42.670000,102,0.601562,0.304688,60,0.531250,0.187500,0,0,0,0,0,0,0.000000
8,2,bfl,16,128,64,1032,662,156800,1,100,12.606642,5519.111719,5551.687344,32,0.875000,0.750000,75,0.414062,0.078125,256,150,16,16,3024,256,16.750000
8,2,majority,16,128,64,0,2,26,0,100,0.002864,14.536250,37.944688,106,0.585938,0.257812,53,0.585938,0.250000,0,0,0,0,0,0,0.000000
8,3,bfl,16,128,64,1032,658,156608,1,100,12.421346,5578.457188,5600.457969,35,0.863281,0.726562,69,0.460938,0.171875,256,146,10,10,2007,256,24.400000
8,3,majority,16,128,64,0,2,26,0,100,0.002374,14.525313,39.952813,102,0.601562,0.414062,61,0.523438,0.312500,0,0,0,0,0,0,0.000000
4,1,bfl,0,8,4,68,42,9920,3,100,0.141993,422.380000,437.920000,0,1.000000,1.000000,4,0.500000,0.250000,48,10,2,2,62,20,16.500000
4,1,majority,0,8,4,0,2,26,0,100,0.001886,14.492500,20.255000,7,0.562500,0.125000,4,0.500000,0.250000,0,0,0,0,0,0,0.000000
4,2,bfl,0,8,4,68,45,10064,3,100,0.131515,434.252500,459.745000,0,1.000000,1.000000,4,0.500000,0.000000,48,13,2,2,61,20,17.500000
4,2,majority,0,8,4,0,2,26,0,100,0.001466,16.587500,21.302500,6,0.625000,0.375000,4,0.500000,0.000000,0,0,0,0,0,0,0.000000
4,3,bfl,0,8,4,68,41,9872,3,100,0.128303,439.315000,431.635000,0,1.000000,1.000000,7,0.125000,0.000000,48,9,2,2,62,18,15.500000
4,3,majority,0,8,4,0,2,26,0,100,0.001396,18.160000,21.302500,4,0.750000,0.625000,3,0.625000,0.250000,0,0,0,0,0,0,0.000000
6,1,bfl,0,32,16,262,183,40112,3,100,1.930688,1493.519375,1523.726875,0,1.000000,1.000000,15,0.531250,0.250000,192,55,2,2,254,81,70.000000
6,1,majority,0,32,16,0,2,26,0,100,0.000908,14.841875,20.254375,24,0.625000,0.468750,17,0.468750,0.187500,0,0,0,0,0,0,0.000000
6,2,bfl,0,32,16,262,189,40400,3,100,1.999624,1475.403750,1521.893750,0,1.000000,1.000000,14,0.562500,0.312500,192,61,2,2,251,84,72.000000
6,2,majority,0,32,16,0,2,26,0,100,0.001886,14.492500,26.889375,21,0.671875,0.562500,18,0.437500,0.187500,0,0,0,0,0,0,0.000000
6,3,bfl,0,32,16,262,173,39632,3,100,1.906592,1526.390000,1524.119375,0,1.000000,1.000000,18,0.437500,0.250000,192,45,2,2,253,78,67.000000
6,3,majority,0,32,16,0,2,26,0,100,0.001956,15.234375,19.687500,26,0.593750,0.281250,14,0.562500,0.250000,0,0,0,0,0,0,0.000000
8,1,bfl,0,128,64,1032,705,158864,3,100,32.605466,5758.926562,5875.587344,0,1.000000,1.000000,68,0.468750,0.125000,768,193,2,2,1022,328,266.500000
8,1,majority,0,128,64,0,2,26,0,100,0.003283,15.922187,37.682812,102,0.601562,0.304688,60,0.531250,0.187500,0,0,0,0,0,0,0.000000
8,2,bfl,0,128,64,1032,695,158384,3,100,32.333705,5486.154219,5692.957031,0,1.000000,1.000000,75,0.414062,0.078125,768,183,2,2,1021,326,261.000000
8,2,majority,0,128,64,0,2,26,0,100,0.002863,14.830937,38.261250,106,0.585938,0.257812,53,0.585938,0.250000,0,0,0,0,0,0,0.000000
8,3,bfl,0,128,64,1032,691,158192,3,100,32.044063,5550.552344,5605.958125,0,1.000000,1.000000,69,0.460938,0.171875,768,179,2,2,1015,316,261.000000
8,3,majority,0,128,64,0,2,26,0,100,0.002374,14.820000,36.973594,102,0.601562,0.414062,61,0.523438,0.312500,0,0,0,0,0,0,0.000000
4,1,bfl,4,8,4,68,42,9920,3,100,0.133681,430.237500,495.017500,0,1.000000,1.000000,4,0.500000,0.250000,48,10,5,5,89,20,7.000000
4,1,majority,4,8,4,0,2,26,0,100,0.001955,17.635000,21.652500,7,0.562500,0.125000,4,0.500000,0.250000,0,0,0,0,0,0,0.000000
4,2,bfl,4,8,4,68,45,10064,3,100,0.130817,412.950000,442.285000,0,1.000000,1.000000,4,0.500000,0.000000,48,13,4,4,85,20,9.250000
4,2,majority,4,8,4,0,2,26,0,100,0.001397,16.587500,19.905000,6,0.625000,0.375000,4,0.500000,0.000000,0,0,0,0,0,0,0.000000
4,3,bfl,4,8,4,68,41,9872,3,100,0.128582,454.160000,462.015000,0,1.000000,1.000000,7,0.125000,0.000000,48,9,5,5,79,18,6.800000
4,3,majority,4,8,4,0,2,26,0,100,0.001467,19.032500,21.127500,4,0.750000,0.625000,3,0.625000,0.250000,0,0,0,0,0,0,0.000000
6,1,bfl,4,32,16,262,183,40112,3,100,1.889481,1467.328125,1484.832500,0,1.000000,1.000000,15,0.531250,0.250000,192,55,5,5,377,81,28.600000
6,1,majority,4,32,16,0,2,26,0,100,0.001467,15.103750,19.687500,24,0.625000,0.468750,17,0.468750,0.187500,0,0,0,0,0,0,0.000000
6,2,bfl,4,32,16,262,189,40400,3,100,1.918605,1455.149375,1460.518125,0,1.000000,1.000000,14,0.562500,0.312500,192,61,2,2,251,84,72.000000
6,2,majority,4,32,16,0,2,26,0,100,0.001467,14.841875,22.699375,21,0.671875,0.562500,18,0.437500,0.187500,0,0,0,0,0,0,0.000000
6,3,bfl,4,32,16,262,173,39632,3,100,1.933831,1386.221875,1432.318750,0,1.000000,1.000000,18,0.437500,0.250000,192,45,4,4,376,78,33.750000
6,3,majority,4,32,16,0,2,26,0,100,0.001886,14.928750,20.516250,26,0.593750,0.281250,14,0.562500,0.250000,0,0,0,0,0,0,0.000000
8,1,bfl,4,128,64,1032,705,158864,3,100,32.375123,5845.390938,5894.914375,0,1.000000,1.000000,68,0.468750,0.125000,768,193,5,5,2038,328,107.400000
8,1,majority,4,128,64,0,2,26,0,100,0.002304,14.448906,38.785000,102,0.601562,0.304688,60,0.531250,0.187500,0,0,0,0,0,0,0.000000
8,2,bfl,4,128,64,1032,695,158384,3,100,31.594549,5576.918281,5548.620625,0,1.000000,1.000000,75,0.414062,0.078125,768,183,4,4,1528,326,131.000000
8,2,majority,4,128,64,0,2,26,0,100,0.003283,13.313906,40.105625,106,0.585938,0.257812,53,0.585938,0.250000,0,0,0,0,0,0,0.000000
8,3,bfl,4,128,64,1032,691,158192,3,100,32.813880,5656.649062,5694.081094,0,1.000000,1.000000,69,0.460938,0.171875,768,179,2,2,1015,316,261.000000
8,3,majority,4,128,64,0,2,26,0,100,0.003353,16.991719,39.669063,102,0.601562,0.414062,61,0.523438,0.312500,0,0,0,0,0,0,0.000000
4,1,bfl,8,8,4,68,42,9920,3,100,0.145834,416.092500,426.047500,0,1.000000,1.000000,4,0.500000,0.250000,48,10,9,9,112,20,4.777778
4,1,majority,8,8,4,0,2,26,0,100,0.001886,16.587500,26.540000,7,0.562500,0.125000,4,0.500000,0.250000,0,0,0,0,0,0,0.000000
4,2,bfl,8,8,4,68,45,10064,3,100,0.138919,447.872500,407.365000,0,1.000000,1.000000,4,0.500000,0.000000,48,13,8,8,105,20,5.250000
4,2,majority,8,8,4,0,2,26,0,100,0.001397,17.810000,21.302500,6,0.625000,0.375000,4,0.500000,0.000000,0,0,0,0,0,0,0.000000
4,3,bfl,8,8,4,68,41,9872,3,100,0.149955,412.252500,460.795000,0,1.000000,1.000000,7,0.125000,0.000000,48,9,9,9,79,18,4.222222
4,3,majority,8,8,4,0,2,26,0,100,0.000977,16.587500,20.255000,4,0.750000,0.625000,3,0.625000,0.250000,0,0,0,0,0,0,0.000000
6,1,bfl,8,32,16,262,183,40112,3,100,2.045372,1446.549375,1473.395625,0,1.000000,1.000000,15,0.531250,0.250000,192,55,9,9,613,81,16.666667
6,1,majority,8,32,16,0,2,26,0,100,0.001396,16.020625,20.254375,24,0.625000,0.468750,17,0.468750,0.187500,0,0,0,0,0,0,0.000000
6,2,bfl,8,32,16,262,189,40400,3,100,2.019669,1444.890625,1515.607500,0,1.000000,1.000000,14,0.562500,0.312500,192,61,6,6,490,84,24.833333
6,2,majority,8,32,16,0,2,26,0,100,0.001885,19.381875,19.381250,21,0.671875,0.562500,18,0.437500,0.187500,0,0,0,0,0,0,0.000000
6,3,bfl,8,32,16,262,173,39632,3,100,1.941724,1481.427500,1452.268125,0,1.000000,1.000000,18,0.437500,0.250000,192,45,8,8,492,78,17.750000
6,3,majority,8,32,16,0,2,26,0,100,0.002304,14.973125,20.254375,26,0.593750,0.281250,14,0.562500,0.250000,0,0,0,0,0,0,0.000000
8,1,bfl,8,128,64,1032,705,158864,3,100,33.687413,5887.700469,5987.129531,0,1.000000,1.000000,68,0.468750,0.125000,768,193,9,9,3045,328,61.000000
8,1,majority,8,128,64,0,2,26,0,100,0.002375,21.018594,37.682812,102,0.601562,0.304688,60,0.531250,0.187500,0,0,0,0,0,0,0.000000
8,2,bfl,8,128,64,1032,695,158384,3,100,32.964391,5735.397656,5692.203750,0,1.000000,1.000000,75,0.414062,0.078125,768,183,8,8,2031,326,66.500000
8,2,majority,8,128,64,0,2,26,0,100,0.002444,14.798125,39.669063,106,0.585938,0.257812,53,0.585938,0.250000,0,0,0,0,0,0,0.000000
8,3,bfl,8,128,64,1032,691,158192,3,100,32.607351,5610.344687,5637.507500,0,1.000000,1.000000,69,0.460938,0.171875,768,179,2,2,1015,316,261.000000
8,3,majority,8,128,64,0,2,26,0,100,0.002305,13.270312,40.672969,102,0.601562,0.414062,61,0.523438,0.312500,0,0,0,0,0,0,0.000000
4,1,bfl,16,8,4,68,42,9920,3,100,0.163643,495.015000,571.497500,0,1.000000,1.000000,4,0.500000,0.250000,48,10,17,17,144,20,4.117647
4,1,majority,16,8,4,0,2,26,0,100,0.001886,23.920000,28.460000,7,0.562500,0.125000,4,0.500000,0.250000,0,0,0,0,0,0,0.000000
4,2,bfl,16,8,4,68,45,10064,3,100,0.175517,447.350000,463.412500,0,1.000000,1.000000,4,0.500000,0.000000,48,13,16,16,131,20,3.937500
4,2,majority,16,8,4,0,2,26,0,100,0.001467,16.587500,21.825000,6,0.625000,0.375000,4,0.500000,0.000000,0,0,0,0,0,0,0.000000
4,3,bfl,16,8,4,68,41,9872,3,100,0.135776,469.525000,441.062500,0,1.000000,1.000000,7,0.125000,0.000000,48,9,17,17,91,18,2.823529
4,3,majority,16,8,4,0,2,26,0,100,0.001397,16.415000,21.652500,4,0.750000,0.625000,3,0.625000,0.250000,0,0,0,0,0,0,0.000000
6,1,bfl,16,32,16,262,183,40112,3,100,2.255741,1443.188125,1427.430000,0,1.000000,1.000000,15,0.531250,0.250000,192,55,17,17,719,81,10.470588
6,1,majority,16,32,16,0,2,26,0,100,0.001886,15.758125,19.687500,24,0.625000,0.468750,17,0.468750,0.187500,0,0,0,0,0,0,0.000000
6,2,bfl,16,32,16,262,189,40400,3,100,2.016735,1447.640625,1462.351875,0,1.000000,1.000000,14,0.562500,0.312500,192,61,14,14,828,84,12.785714
6,2,majority,16,32,16,0,2,26,0,100,0.001886,22.088125,19.686875,21,0.671875,0.562500,18,0.437500,0.187500,0,0,0,0,0,0,0.000000
6,3,bfl,16,32,16,262,173,39632,3,100,2.152652,1445.021875,1512.683125,0,1.000000,1.000000,18,0.437500,0.250000,192,45,16,16,830,78,10.437500
6,3,majority,16,32,16,0,2,26,0,100,0.001955,15.846250,19.948750,26,0.593750,0.281250,14,0.562500,0.250000,0,0,0,0,0,0,0.000000
8,1,bfl,16,128,64,1032,705,158864,3,100,33.903300,5571.035937,5721.832656,0,1.000000,1.000000,68,0.468750,0.125000,768,193,17,17,4038,328,34.823529
8,1,majority,16,128,64,0,2,26,0,100,0.002374,15.201875,38.479375,102,0.601562,0.304688,60,0.531250,0.187500,0,0,0,0,0,0,0.000000
8,2,bfl,16,128,64,1032,695,158384,3,100,33.460701,5516.787031,5607.376406,0,1.000000,1.000000,75,0.414062,0.078125,768,183,16,16,3024,326,34.875000
8,2,majority,16,128,64,0,2,26,0,100,0.002445,15.125469,41.000469,106,0.585938,0.257812,53,0.585938,0.250000,0,0,0,0,0,0,0.000000
8,3,bfl,16,128,64,1032,691,158192,3,100,32.986741,5566.005000,5633.698750,0,1.000000,1.000000,69,0.460938,0.171875,768,179,10,10,2007,316,53.400000
8,3,majority,16,128,64,0,2,26,0,100,0.001955,15.354688,38.665000,102,0.601562,0.414062,61,0.523438,0.312500,0,0,0,0,0,0,0.000000
