input_bits,seed,model,train_samples,test_samples,nodes,model_bytes,order,budget,inference_repeats,training_ms,inference_ns_per_sample,train_loss,train_bit_accuracy,train_exact_accuracy,test_loss,test_bit_accuracy,test_exact_accuracy,proposals_evaluated,flips_accepted
4,1,bfl,8,4,68,3136,topological,2000,1000,0.108885,480.202250,0,1.000000,1.000000,4,0.500000,0.250000,9,9
4,1,majority,8,4,0,26,none,0,1000,0.001886,27.937000,7,0.562500,0.125000,4,0.500000,0.250000,0,0
4,2,bfl,8,4,68,3136,topological,2000,1000,0.108466,458.586250,0,1.000000,1.000000,4,0.500000,0.000000,10,10
4,2,majority,8,4,0,26,none,0,1000,0.001885,27.779750,6,0.625000,0.375000,4,0.500000,0.000000,0,0
4,3,bfl,8,4,68,3136,topological,2000,1000,0.082275,472.188000,0,1.000000,1.000000,7,0.125000,0.000000,8,8
4,3,majority,8,4,0,26,none,0,1000,0.001467,26.837000,4,0.750000,0.625000,3,0.625000,0.250000,0,0
6,1,bfl,32,16,262,12352,topological,2000,1000,4.654096,1759.407563,0,1.000000,1.000000,15,0.531250,0.250000,40,40
6,1,majority,32,16,0,26,none,0,1000,0.001955,29.573937,24,0.625000,0.468750,17,0.468750,0.187500,0,0
6,2,bfl,32,16,262,12352,topological,2000,1000,5.120016,1815.683125,0,1.000000,1.000000,14,0.562500,0.312500,43,43
6,2,majority,32,16,0,26,none,0,1000,0.001885,33.332313,21,0.671875,0.562500,18,0.437500,0.187500,0,0
6,3,bfl,32,16,262,12352,topological,2000,1000,3.733712,1640.566125,0,1.000000,1.000000,18,0.437500,0.250000,34,34
6,3,majority,32,16,0,26,none,0,1000,0.002375,28.993437,26,0.593750,0.281250,14,0.562500,0.250000,0,0
8,1,bfl,128,64,1032,49216,topological,2000,1000,267.044101,7107.545797,0,1.000000,1.000000,68,0.468750,0.125000,154,154
8,1,majority,128,64,0,26,none,0,1000,0.002863,25.179313,102,0.601562,0.304688,60,0.531250,0.187500,0,0
8,2,bfl,128,64,1032,49216,topological,2000,1000,251.672528,5969.422484,0,1.000000,1.000000,75,0.414062,0.078125,150,150
8,2,majority,128,64,0,26,none,0,1000,0.002444,18.675250,106,0.585938,0.257812,53,0.585938,0.250000,0,0
8,3,bfl,128,64,1032,49216,topological,2000,1000,179.546637,4436.934422,0,1.000000,1.000000,69,0.460938,0.171875,146,146
8,3,majority,128,64,0,26,none,0,1000,0.001955,14.862281,102,0.601562,0.414062,61,0.523438,0.312500,0,0
