model,seed,train_accuracy,test_accuracy,generalization_gap,model_bytes,parameter_state_bytes,temporary_training_bytes,temporary_inference_bytes,training_ms,training_ns_per_sample,training_ms_per_epoch,ns_per_inference,median_ns_per_inference,p95_batch_ns_per_inference,instructions_per_inference,cycles_per_inference,branches_per_inference,branch_misses_per_inference,cache_misses_per_inference,err_before,err_after,forget_count,change_cost,candidate_evaluations,popcount_operations,accepted_updates,rejected_candidates,effective_changed_bits,average_candidate_evaluations_per_update,err_before_sum,err_after_sum,err_improves,err_ties_forget_improves,err_forget_ties_change_improves
bfl_old,1,0.620000,0.582547,0.037453,324,264,2232,33,0.143147,34.082619,0.020450,85.685248,83.673565,93.508515,nan,nan,nan,nan,nan,274,228,NaN,NaN,84,NaN,4,NaN,NaN,21.000000,NaN,NaN,NaN,NaN,NaN
bfl_binary_global,1,0.950000,0.867925,0.082075,256,256,27608,0,202.379702,16864.975167,10.118985,10.020416,9.979170,10.206795,nan,nan,nan,nan,nan,356,30,30,86,8364000,328441280,42,8363958,86,199142.857143,8190447,39820340,82,4,0
ann_16,1,1.000000,0.995283,0.004717,1544,1544,4760,128,149.296230,497.654100,0.298592,404.230979,403.752025,405.520975,nan,nan,nan,nan,nan,NaN,NaN,NaN,NaN,NaN,NaN,NaN,NaN,NaN,NaN,NaN,NaN,NaN,NaN,NaN
bfl_old,2,0.703333,0.681604,0.021730,324,264,2240,33,0.125013,34.725833,0.020836,86.356814,84.086730,96.807160,nan,nan,nan,nan,nan,233,178,NaN,NaN,78,NaN,3,NaN,NaN,26.000000,NaN,NaN,NaN,NaN,NaN
bfl_binary_global,2,0.960000,0.919811,0.040189,256,256,27610,0,203.509024,16959.085333,10.175451,9.573210,9.604520,9.648250,nan,nan,nan,nan,nan,278,24,18,81,8364000,331568320,45,8363955,81,185866.666667,6827115,36632463,77,10,0
ann_16,2,1.000000,0.995283,0.004717,1544,1544,4760,128,143.458589,478.195297,0.286917,379.053319,379.096700,379.592025,nan,nan,nan,nan,nan,NaN,NaN,NaN,NaN,NaN,NaN,NaN,NaN,NaN,NaN,NaN,NaN,NaN,NaN,NaN
bfl_old,3,0.615000,0.632075,-0.017075,324,264,2240,33,0.138067,32.873095,0.019724,71.140351,70.239540,78.366450,nan,nan,nan,nan,nan,276,231,NaN,NaN,91,NaN,6,NaN,NaN,15.166667,NaN,NaN,NaN,NaN,NaN
bfl_binary_global,3,0.971667,0.900943,0.070723,256,256,27863,0,190.415613,15867.967750,9.520781,9.655834,9.650855,9.699295,nan,nan,nan,nan,nan,328,17,32,93,8364000,327827040,49,8363951,93,170693.877551,4639232,33463577,82,7,0
ann_16,3,1.000000,0.995283,0.004717,1544,1544,4760,128,142.831499,476.104997,0.285663,383.914066,383.974875,384.560620,nan,nan,nan,nan,nan,NaN,NaN,NaN,NaN,NaN,NaN,NaN,NaN,NaN,NaN,NaN,NaN,NaN,NaN,NaN
bfl_old,4,0.660000,0.620283,0.039717,324,264,2008,33,0.091681,25.466944,0.015280,68.327028,66.626495,74.364935,nan,nan,nan,nan,nan,299,204,NaN,NaN,48,NaN,6,NaN,NaN,8.000000,NaN,NaN,NaN,NaN,NaN
bfl_binary_global,4,0.963333,0.896226,0.067107,256,256,27863,0,193.535641,16127.970083,9.676782,9.655793,9.655510,9.738470,nan,nan,nan,nan,nan,239,22,31,86,8364000,329278880,51,8363949,86,164000.000000,6033929,32098103,73,3,0
ann_16,4,1.000000,0.983491,0.016509,1544,1544,4760,128,138.237450,460.791500,0.276475,377.079885,376.235090,379.503385,nan,nan,nan,nan,nan,NaN,NaN,NaN,NaN,NaN,NaN,NaN,NaN,NaN,NaN,NaN,NaN,NaN,NaN,NaN
bfl_old,5,0.681667,0.599057,0.082610,324,264,2224,33,0.133149,27.739375,0.016644,89.379927,89.150605,101.174440,nan,nan,nan,nan,nan,266,191,NaN,NaN,88,NaN,8,NaN,NaN,11.000000,NaN,NaN,NaN,NaN,NaN
bfl_binary_global,5,0.961667,0.915094,0.046572,256,256,28122,0,194.160844,16180.070333,9.708042,9.694064,9.712870,9.812805,nan,nan,nan,nan,nan,284,23,15,103,8364000,328217920,54,8363946,103,154888.888889,6410309,37042967,86,4,0
ann_16,5,1.000000,0.995283,0.004717,1544,1544,4760,128,144.237873,480.792910,0.288476,391.054315,390.714020,392.320515,nan,nan,nan,nan,nan,NaN,NaN,NaN,NaN,NaN,NaN,NaN,NaN,NaN,NaN,NaN,NaN,NaN,NaN,NaN
bfl_old,6,0.621667,0.665094,-0.043428,324,264,2224,33,0.121016,28.813333,0.017288,88.807076,86.832530,97.198725,nan,nan,nan,nan,nan,290,227,NaN,NaN,77,NaN,5,NaN,NaN,15.400000,NaN,NaN,NaN,NaN,NaN
bfl_binary_global,6,0.968333,0.900943,0.067390,256,256,27608,0,191.325672,15943.806000,9.566284,9.656554,9.685215,9.729000,nan,nan,nan,nan,nan,303,19,20,109,8364000,329334720,58,8363942,109,144206.896552,5410811,39150588,87,7,0
ann_16,6,1.000000,1.000000,0.000000,1544,1544,4760,128,138.882364,462.941213,0.277765,376.810077,376.662580,378.436490,nan,nan,nan,nan,nan,NaN,NaN,NaN,NaN,NaN,NaN,NaN,NaN,NaN,NaN,NaN,NaN,NaN,NaN,NaN
bfl_old,7,0.605000,0.632075,-0.027075,324,264,2208,33,0.091691,30.563667,0.018338,115.398496,112.601550,125.850165,nan,nan,nan,nan,nan,237,237,NaN,NaN,45,NaN,0,NaN,NaN,nan,NaN,NaN,NaN,NaN,NaN
bfl_binary_global,7,0.970000,0.905660,0.064340,256,256,27609,0,191.973786,15997.815500,9.598689,9.706316,9.706505,9.784400,nan,nan,nan,nan,nan,358,18,33,105,8364000,330172320,56,8363944,105,149357.142857,5063008,36527341,97,1,0
ann_16,7,1.000000,0.995283,0.004717,1544,1544,4760,128,140.158525,467.195083,0.280317,380.608128,380.465700,383.284210,nan,nan,nan,nan,nan,NaN,NaN,NaN,NaN,NaN,NaN,NaN,NaN,NaN,NaN,NaN,NaN,NaN,NaN,NaN
bfl_old,8,0.655000,0.608491,0.046509,324,264,2232,33,0.137867,32.825476,0.019695,94.913375,90.911130,110.728595,nan,nan,nan,nan,nan,292,207,NaN,NaN,84,NaN,6,NaN,NaN,14.000000,NaN,NaN,NaN,NaN,NaN
bfl_binary_global,8,0.956667,0.903302,0.053365,256,256,27096,0,191.267741,15938.978417,9.563387,9.663485,9.655110,9.714270,nan,nan,nan,nan,nan,335,26,42,108,8364000,328441280,53,8363947,108,157811.320755,7397261,35733402,88,1,0
ann_16,8,1.000000,0.992925,0.007075,1544,1544,4760,128,144.494158,481.647193,0.288988,390.701791,388.157925,397.859775,nan,nan,nan,nan,nan,NaN,NaN,NaN,NaN,NaN,NaN,NaN,NaN,NaN,NaN,NaN,NaN,NaN,NaN,NaN
bfl_old,9,0.641667,0.599057,0.042610,324,264,2240,33,0.139349,33.178333,0.019907,83.865824,81.941245,92.664695,nan,nan,nan,nan,nan,276,215,NaN,NaN,91,NaN,4,NaN,NaN,22.750000,NaN,NaN,NaN,NaN,NaN
bfl_binary_global,9,0.966667,0.915094,0.051572,256,256,27608,0,192.351350,16029.279167,9.617567,9.678132,9.651000,9.782445,nan,nan,nan,nan,nan,302,20,19,92,8364000,329390560,53,8363947,92,157811.320755,5441479,36466130,75,5,0
ann_16,9,1.000000,0.990566,0.009434,1544,1544,4760,128,143.528201,478.427337,0.287056,391.199711,391.403215,392.128330,nan,nan,nan,nan,nan,NaN,NaN,NaN,NaN,NaN,NaN,NaN,NaN,NaN,NaN,NaN,NaN,NaN,NaN,NaN
bfl_old,10,0.560000,0.591981,-0.031981,324,264,2216,33,0.102922,28.589444,0.017154,92.769095,90.029275,104.897010,nan,nan,nan,nan,nan,296,264,NaN,NaN,60,NaN,2,NaN,NaN,30.000000,NaN,NaN,NaN,NaN,NaN
bfl_binary_global,10,0.951667,0.886792,0.064874,256,256,27862,0,189.892912,15824.409333,9.494646,9.634740,9.634620,9.719525,nan,nan,nan,nan,nan,274,29,25,79,8364000,326989440,42,8363958,79,199142.857143,8064290,37099326,67,2,0
ann_16,10,1.000000,0.985849,0.014151,1544,1544,4760,128,138.961894,463.206313,0.277924,376.198146,375.867925,377.336965,nan,nan,nan,nan,nan,NaN,NaN,NaN,NaN,NaN,NaN,NaN,NaN,NaN,NaN,NaN,NaN,NaN,NaN,NaN
bfl_old,11,0.616667,0.573113,0.043553,324,264,2224,33,0.128530,30.602381,0.018361,108.633489,106.718850,116.378965,nan,nan,nan,nan,nan,314,230,NaN,NaN,77,NaN,7,NaN,NaN,11.000000,NaN,NaN,NaN,NaN,NaN
bfl_binary_global,11,0.960000,0.882075,0.077925,256,256,28121,0,192.393774,16032.814500,9.619689,9.658054,9.650950,9.699440,nan,nan,nan,nan,nan,211,24,21,77,8364000,330060640,43,8363957,77,194511.627907,6549709,34225385,66,7,0
ann_16,11,1.000000,1.000000,0.000000,1544,1544,4760,128,140.772903,469.243010,0.281546,378.221210,377.393495,381.567435,nan,nan,nan,nan,nan,NaN,NaN,NaN,NaN,NaN,NaN,NaN,NaN,NaN,NaN,NaN,NaN,NaN,NaN,NaN
bfl_old,12,0.650000,0.615566,0.034434,324,264,2232,33,0.128399,30.571190,0.018343,92.497941,89.563700,102.288330,nan,nan,nan,nan,nan,322,210,NaN,NaN,84,NaN,7,NaN,NaN,12.000000,NaN,NaN,NaN,NaN,NaN
bfl_binary_global,12,0.956667,0.938679,0.017987,256,256,27352,0,190.697998,15891.499833,9.534900,9.647624,9.671740,9.718025,nan,nan,nan,nan,nan,289,26,27,86,8364000,327994560,49,8363951,86,170693.877551,6848025,37646920,79,3,0
ann_16,12,1.000000,0.997642,0.002358,1544,1544,4760,128,144.235902,480.786340,0.288472,392.894572,392.945030,393.881220,nan,nan,nan,nan,nan,NaN,NaN,NaN,NaN,NaN,NaN,NaN,NaN,NaN,NaN,NaN,NaN,NaN,NaN,NaN
bfl_old,13,0.618333,0.580189,0.038145,324,264,2224,33,0.135974,28.327917,0.016997,71.608627,69.069775,81.858575,nan,nan,nan,nan,nan,302,229,NaN,NaN,88,NaN,7,NaN,NaN,12.571429,NaN,NaN,NaN,NaN,NaN
bfl_binary_global,13,0.971667,0.926887,0.044780,256,256,27354,0,192.226026,16018.835500,9.611301,9.703827,9.691975,9.824520,nan,nan,nan,nan,nan,194,17,15,70,8364000,332070880,38,8363962,70,220105.263158,4666415,34436169,54,5,0
ann_16,13,1.000000,0.990566,0.009434,1544,1544,4760,128,141.116295,470.387650,0.282233,390.057265,389.777395,391.376225,nan,nan,nan,nan,nan,NaN,NaN,NaN,NaN,NaN,NaN,NaN,NaN,NaN,NaN,NaN,NaN,NaN,NaN,NaN
bfl_old,14,0.630000,0.568396,0.061604,324,264,2232,33,0.129271,30.778810,0.018467,81.589066,79.573710,91.411085,nan,nan,nan,nan,nan,304,222,NaN,NaN,84,NaN,5,NaN,NaN,16.800000,NaN,NaN,NaN,NaN,NaN
bfl_binary_global,14,0.965000,0.924528,0.040472,256,256,27608,0,190.254929,15854.577417,9.512746,9.730036,9.677345,9.945050,nan,nan,nan,nan,nan,329,21,26,105,8364000,326486880,53,8363947,105,157811.320755,5839466,35918748,93,5,0
ann_16,14,1.000000,0.995283,0.004717,1544,1544,4760,128,140.774387,469.247957,0.281549,385.969066,384.466260,389.697570,nan,nan,nan,nan,nan,NaN,NaN,NaN,NaN,NaN,NaN,NaN,NaN,NaN,NaN,NaN,NaN,NaN,NaN,NaN
bfl_old,15,0.656667,0.606132,0.050535,324,264,2240,33,0.134921,32.124048,0.019274,94.513142,95.958005,102.160825,nan,nan,nan,nan,nan,275,206,NaN,NaN,91,NaN,5,NaN,NaN,18.200000,NaN,NaN,NaN,NaN,NaN
bfl_binary_global,15,0.958333,0.908019,0.050314,256,256,27352,0,195.742672,16311.889333,9.787134,9.670816,9.645390,9.861290,nan,nan,nan,nan,nan,297,25,25,90,8364000,330284000,46,8363954,90,181826.086957,6325972,34623042,71,2,0
ann_16,15,1.000000,0.997642,0.002358,1544,1544,4760,128,142.354345,474.514483,0.284709,378.241300,378.050925,379.154255,nan,nan,nan,nan,nan,NaN,NaN,NaN,NaN,NaN,NaN,NaN,NaN,NaN,NaN,NaN,NaN,NaN,NaN,NaN
bfl_old,16,0.671667,0.655660,0.016006,324,264,2224,33,0.128409,30.573571,0.018344,106.521963,105.152300,115.278680,nan,nan,nan,nan,nan,213,197,NaN,NaN,77,NaN,2,NaN,NaN,38.500000,NaN,NaN,NaN,NaN,NaN
bfl_binary_global,16,0.958333,0.903302,0.055031,256,256,27607,0,215.098115,17924.842917,10.754906,9.714015,9.728295,9.904020,nan,nan,nan,nan,nan,236,25,15,62,8364000,330619040,36,8363964,62,232333.333333,6945605,40311991,50,3,0
ann_16,16,1.000000,0.995283,0.004717,1544,1544,4760,128,138.367320,461.224400,0.276735,374.405972,374.545990,376.656955,nan,nan,nan,nan,nan,NaN,NaN,NaN,NaN,NaN,NaN,NaN,NaN,NaN,NaN,NaN,NaN,NaN,NaN,NaN
bfl_old,17,0.616667,0.591981,0.024686,324,264,2224,33,0.108973,30.270278,0.018162,79.616522,77.129380,88.639650,nan,nan,nan,nan,nan,274,230,NaN,NaN,66,NaN,4,NaN,NaN,16.500000,NaN,NaN,NaN,NaN,NaN
bfl_binary_global,17,0.970000,0.893868,0.076132,256,256,27352,0,193.718000,16143.166667,9.685900,9.658501,9.658660,9.744820,nan,nan,nan,nan,nan,264,18,17,91,8364000,330060640,48,8363952,91,174250.000000,5205893,36220715,70,2,0
ann_16,17,1.000000,1.000000,0.000000,1544,1544,4760,128,142.533310,475.111033,0.285067,389.765063,389.487075,390.628555,nan,nan,nan,nan,nan,NaN,NaN,NaN,NaN,NaN,NaN,NaN,NaN,NaN,NaN,NaN,NaN,NaN,NaN,NaN
bfl_old,18,0.565000,0.556604,0.008396,324,264,2232,33,0.117409,32.613611,0.019568,99.054449,97.082545,110.157670,nan,nan,nan,nan,nan,266,261,NaN,NaN,72,NaN,1,NaN,NaN,72.000000,NaN,NaN,NaN,NaN,NaN
bfl_binary_global,18,0.963333,0.910377,0.052956,256,256,27609,0,191.849865,15987.488750,9.592493,9.644204,9.677245,9.734755,nan,nan,nan,nan,nan,343,22,35,104,8364000,328329600,54,8363946,104,154888.888889,6310638,38636411,87,5,0
ann_16,18,1.000000,0.990566,0.009434,1544,1544,4760,128,140.287503,467.625010,0.280575,379.753720,379.389920,381.792905,nan,nan,nan,nan,nan,NaN,NaN,NaN,NaN,NaN,NaN,NaN,NaN,NaN,NaN,NaN,NaN,NaN,NaN,NaN
bfl_old,19,0.608333,0.627358,-0.019025,324,264,2216,33,0.117820,28.052381,0.016831,93.225113,91.521970,104.441960,nan,nan,nan,nan,nan,260,235,NaN,NaN,70,NaN,5,NaN,NaN,14.000000,NaN,NaN,NaN,NaN,NaN
bfl_binary_global,19,0.960000,0.922170,0.037830,256,256,27864,0,192.758568,16063.214000,9.637928,9.630669,9.618285,9.673340,nan,nan,nan,nan,nan,416,24,32,123,8364000,330228160,57,8363943,123,146736.842105,6806902,36930261,118,6,0
ann_16,19,1.000000,0.995283,0.004717,1544,1544,4760,128,144.528852,481.762840,0.289058,391.488375,391.531235,391.818220,nan,nan,nan,nan,nan,NaN,NaN,NaN,NaN,NaN,NaN,NaN,NaN,NaN,NaN,NaN,NaN,NaN,NaN,NaN
bfl_old,20,0.606667,0.582547,0.024119,324,264,2224,33,0.132648,36.846667,0.022108,88.016143,84.893100,99.088720,nan,nan,nan,nan,nan,248,236,NaN,NaN,66,NaN,1,NaN,NaN,66.000000,NaN,NaN,NaN,NaN,NaN
bfl_binary_global,20,0.970000,0.900943,0.069057,256,256,28120,0,191.714329,15976.194083,9.585716,9.654403,9.604710,9.818010,nan,nan,nan,nan,nan,351,18,15,100,8364000,327268640,52,8363948,100,160846.153846,4811391,39314810,91,5,0
ann_16,20,1.000000,0.995283,0.004717,1544,1544,4760,128,144.687218,482.290727,0.289374,392.929149,393.344695,394.533010,nan,nan,nan,nan,nan,NaN,NaN,NaN,NaN,NaN,NaN,NaN,NaN,NaN,NaN,NaN,NaN,NaN,NaN,NaN
bfl_old,21,0.548333,0.504717,0.043616,324,264,2224,33,0.111047,30.846389,0.018508,101.806632,99.083955,114.022460,nan,nan,nan,nan,nan,299,271,NaN,NaN,66,NaN,3,NaN,NaN,22.000000,NaN,NaN,NaN,NaN,NaN
bfl_binary_global,21,0.955000,0.905660,0.049340,256,256,27865,0,193.067050,16088.920833,9.653353,9.608838,9.617935,9.725285,nan,nan,nan,nan,nan,339,27,15,92,8364000,328943840,46,8363954,92,181826.086957,7333137,38772728,76,7,0
ann_16,21,1.000000,1.000000,0.000000,1544,1544,4760,128,141.693166,472.310553,0.283386,380.006919,380.235625,380.531380,nan,nan,nan,nan,nan,NaN,NaN,NaN,NaN,NaN,NaN,NaN,NaN,NaN,NaN,NaN,NaN,NaN,NaN,NaN
bfl_old,22,0.635000,0.599057,0.035943,324,264,2224,33,0.127087,30.258810,0.018155,102.848308,101.729080,109.493460,nan,nan,nan,nan,nan,260,219,NaN,NaN,77,NaN,5,NaN,NaN,15.400000,NaN,NaN,NaN,NaN,NaN
bfl_binary_global,22,0.966667,0.891509,0.075157,256,256,28119,0,191.637521,15969.793417,9.581876,9.668257,9.652945,9.761750,nan,nan,nan,nan,nan,418,20,32,129,8364000,327938720,59,8363941,129,141762.711864,5632457,34089767,108,7,0
ann_16,22,1.000000,0.997642,0.002358,1544,1544,4760,128,141.203314,470.677713,0.282407,383.498435,382.591715,386.077300,nan,nan,nan,nan,nan,NaN,NaN,NaN,NaN,NaN,NaN,NaN,NaN,NaN,NaN,NaN,NaN,NaN,NaN,NaN
bfl_old,23,0.703333,0.719340,-0.016006,324,264,2240,33,0.151663,31.596458,0.018958,78.435173,74.740305,90.469280,nan,nan,nan,nan,nan,225,178,NaN,NaN,104,NaN,6,NaN,NaN,17.333333,NaN,NaN,NaN,NaN,NaN
bfl_binary_global,23,0.958333,0.879717,0.078616,256,256,28120,0,196.003078,16333.589833,9.800154,9.793810,9.771970,9.962975,nan,nan,nan,nan,nan,262,25,28,76,8364000,328497120,44,8363956,76,190090.909091,6866844,37101944,69,5,0
ann_16,23,1.000000,0.990566,0.009434,1544,1544,4760,128,141.913739,473.045797,0.283827,386.630624,387.222630,389.984175,nan,nan,nan,nan,nan,NaN,NaN,NaN,NaN,NaN,NaN,NaN,NaN,NaN,NaN,NaN,NaN,NaN,NaN,NaN
bfl_old,24,0.636667,0.615566,0.021101,324,264,2232,33,0.117760,32.711111,0.019627,96.351218,94.249480,106.089655,nan,nan,nan,nan,nan,303,218,NaN,NaN,72,NaN,6,NaN,NaN,12.000000,NaN,NaN,NaN,NaN,NaN
bfl_binary_global,24,0.955000,0.896226,0.058774,256,256,27608,0,193.771207,16147.600583,9.688560,9.990386,9.945995,10.407855,nan,nan,nan,nan,nan,360,27,28,110,8364000,329502240,59,8363941,110,141762.711864,7954861,40254707,93,9,0
ann_16,24,1.000000,1.000000,0.000000,1544,1544,4760,128,143.175462,477.251540,0.286351,383.584762,383.156525,385.241660,nan,nan,nan,nan,nan,NaN,NaN,NaN,NaN,NaN,NaN,NaN,NaN,NaN,NaN,NaN,NaN,NaN,NaN,NaN
bfl_old,25,0.661667,0.655660,0.006006,324,264,2240,33,0.133960,31.895238,0.019137,105.077681,104.211345,113.769865,nan,nan,nan,nan,nan,243,203,NaN,NaN,91,NaN,6,NaN,NaN,15.166667,NaN,NaN,NaN,NaN,NaN
bfl_binary_global,25,0.956667,0.872642,0.084025,256,256,27607,0,200.331586,16694.298833,10.016579,9.713180,9.711005,9.855075,nan,nan,nan,nan,nan,309,26,22,92,8364000,329446400,48,8363952,92,174250.000000,7551995,37617123,88,5,0
ann_16,25,1.000000,0.997642,0.002358,1544,1544,4760,128,145.314972,484.383240,0.290630,400.516824,400.272760,401.321015,nan,nan,nan,nan,nan,NaN,NaN,NaN,NaN,NaN,NaN,NaN,NaN,NaN,NaN,NaN,NaN,NaN,NaN,NaN
bfl_old,26,0.655000,0.584906,0.070094,324,264,2224,33,0.109363,30.378611,0.018227,109.602028,108.191455,118.705660,nan,nan,nan,nan,nan,277,207,NaN,NaN,66,NaN,3,NaN,NaN,22.000000,NaN,NaN,NaN,NaN,NaN
bfl_binary_global,26,0.950000,0.889151,0.060849,256,256,27353,0,194.351575,16195.964583,9.717579,9.709492,9.699530,9.750030,nan,nan,nan,nan,nan,353,30,24,92,8364000,329446400,46,8363954,92,181826.086957,8535462,39451074,78,5,0
ann_16,26,1.000000,0.990566,0.009434,1544,1544,4760,128,142.913974,476.379913,0.285828,386.510720,386.520195,388.276525,nan,nan,nan,nan,nan,NaN,NaN,NaN,NaN,NaN,NaN,NaN,NaN,NaN,NaN,NaN,NaN,NaN,NaN,NaN
bfl_old,27,0.563333,0.573113,-0.009780,324,264,2224,33,0.139119,28.983125,0.017390,108.574959,106.960710,118.117010,nan,nan,nan,nan,nan,337,262,NaN,NaN,88,NaN,8,NaN,NaN,11.000000,NaN,NaN,NaN,NaN,NaN
bfl_binary_global,27,0.963333,0.870283,0.093050,256,256,26841,0,194.863277,16238.606417,9.743164,9.714470,9.666525,9.826065,nan,nan,nan,nan,nan,256,22,18,76,8364000,331233280,40,8363960,76,209100.000000,5888256,34757789,66,1,0
ann_16,27,1.000000,0.985849,0.014151,1544,1544,4760,128,147.386205,491.287350,0.294772,404.989930,403.223185,411.720950,nan,nan,nan,nan,nan,NaN,NaN,NaN,NaN,NaN,NaN,NaN,NaN,NaN,NaN,NaN,NaN,NaN,NaN,NaN
bfl_old,28,0.591667,0.547170,0.044497,324,264,2224,33,0.121105,28.834524,0.017301,88.134425,86.059840,97.981215,nan,nan,nan,nan,nan,280,245,NaN,NaN,77,NaN,4,NaN,NaN,19.250000,NaN,NaN,NaN,NaN,NaN
bfl_binary_global,28,0.960000,0.903302,0.056698,256,256,27866,0,199.020996,16585.083000,9.951050,9.764574,9.724180,10.037710,nan,nan,nan,nan,nan,349,24,30,104,8364000,327994560,51,8363949,104,164000.000000,6729535,35587918,96,5,0
ann_16,28,1.000000,0.995283,0.004717,1544,1544,4760,128,143.845505,479.485017,0.287691,382.943707,382.745860,384.275240,nan,nan,nan,nan,nan,NaN,NaN,NaN,NaN,NaN,NaN,NaN,NaN,NaN,NaN,NaN,NaN,NaN,NaN,NaN
bfl_old,29,0.628333,0.613208,0.015126,324,264,2224,33,0.152544,28.248889,0.016949,112.646084,110.670760,123.423335,nan,nan,nan,nan,nan,260,223,NaN,NaN,99,NaN,6,NaN,NaN,16.500000,NaN,NaN,NaN,NaN,NaN
bfl_binary_global,29,0.958333,0.896226,0.062107,256,256,28375,0,193.122257,16093.521417,9.656113,9.812212,9.795960,10.076935,nan,nan,nan,nan,nan,427,25,35,116,8364000,326375200,61,8363939,116,137114.754098,7180494,39442737,102,4,0
ann_16,29,1.000000,1.000000,0.000000,1544,1544,4760,128,142.893471,476.311570,0.285787,381.218814,380.624855,382.780575,nan,nan,nan,nan,nan,NaN,NaN,NaN,NaN,NaN,NaN,NaN,NaN,NaN,NaN,NaN,NaN,NaN,NaN,NaN
bfl_old,30,0.678333,0.646226,0.032107,324,264,2232,33,0.133960,31.895238,0.019137,80.400729,78.222815,89.926945,nan,nan,nan,nan,nan,276,193,NaN,NaN,84,NaN,5,NaN,NaN,16.800000,NaN,NaN,NaN,NaN,NaN
bfl_binary_global,30,0.953333,0.922170,0.031164,256,256,27096,0,193.178280,16098.190000,9.658914,9.647384,9.658305,9.755735,nan,nan,nan,nan,nan,356,28,53,118,8364000,328832160,57,8363943,118,146736.842105,8009924,38454885,93,7,0
ann_16,30,1.000000,0.997642,0.002358,1544,1544,4760,128,144.255060,480.850200,0.288510,385.104967,384.945190,386.616305,nan,nan,nan,nan,nan,NaN,NaN,NaN,NaN,NaN,NaN,NaN,NaN,NaN,NaN,NaN,NaN,NaN,NaN,NaN
bfl_old,31,0.590000,0.530660,0.059340,324,264,2240,33,0.122117,33.921389,0.020353,96.433814,94.899755,107.783820,nan,nan,nan,nan,nan,277,246,NaN,NaN,78,NaN,3,NaN,NaN,26.000000,NaN,NaN,NaN,NaN,NaN
bfl_binary_global,31,0.961667,0.905660,0.056006,256,256,27609,0,194.067842,16172.320167,9.703392,9.669834,9.655250,9.744160,nan,nan,nan,nan,nan,297,23,20,88,8364000,330507360,48,8363952,88,174250.000000,6388005,39611252,77,1,0
ann_16,31,1.000000,0.992925,0.007075,1544,1544,4760,128,140.652346,468.841153,0.281305,376.672513,376.433445,378.158315,nan,nan,nan,nan,nan,NaN,NaN,NaN,NaN,NaN,NaN,NaN,NaN,NaN,NaN,NaN,NaN,NaN,NaN,NaN
bfl_old,32,0.545000,0.547170,-0.002170,324,264,2224,33,0.107511,29.864167,0.017919,92.925951,90.220825,104.619070,nan,nan,nan,nan,nan,303,273,NaN,NaN,66,NaN,3,NaN,NaN,22.000000,NaN,NaN,NaN,NaN,NaN
bfl_binary_global,32,0.956667,0.931604,0.025063,256,256,27353,0,194.316680,16193.056667,9.715834,9.727002,9.705745,9.870400,nan,nan,nan,nan,nan,313,26,33,91,8364000,331959200,46,8363954,91,181826.086957,7377745,38308703,85,4,0
ann_16,32,1.000000,0.997642,0.002358,1544,1544,4760,128,140.830535,469.435117,0.281661,386.994279,387.079720,387.701925,nan,nan,nan,nan,nan,NaN,NaN,NaN,NaN,NaN,NaN,NaN,NaN,NaN,NaN,NaN,NaN,NaN,NaN,NaN
bfl_old,33,0.616667,0.544811,0.071855,324,264,2224,33,0.112600,31.277778,0.018767,74.595646,72.953035,82.927880,nan,nan,nan,nan,nan,244,230,NaN,NaN,66,NaN,3,NaN,NaN,22.000000,NaN,NaN,NaN,NaN,NaN
bfl_binary_global,33,0.951667,0.891509,0.060157,256,256,27865,0,193.085783,16090.481917,9.654289,9.634388,9.652990,9.710050,nan,nan,nan,nan,nan,275,29,19,81,8364000,329893120,46,8363954,81,181826.086957,7825916,36894992,79,4,0
ann_16,33,1.000000,0.997642,0.002358,1544,1544,4760,128,141.147831,470.492770,0.282296,378.454997,378.011245,380.117390,nan,nan,nan,nan,nan,NaN,NaN,NaN,NaN,NaN,NaN,NaN,NaN,NaN,NaN,NaN,NaN,NaN,NaN,NaN
bfl_old,34,0.683333,0.634434,0.048899,324,264,2232,33,0.128659,30.633095,0.018380,90.726417,88.179610,102.877155,nan,nan,nan,nan,nan,299,190,NaN,NaN,84,NaN,5,NaN,NaN,16.800000,NaN,NaN,NaN,NaN,NaN
bfl_binary_global,34,0.966667,0.872642,0.094025,256,256,27097,0,195.075551,16256.295917,9.753778,9.738462,9.787895,9.888880,nan,nan,nan,nan,nan,253,20,23,89,8364000,333076000,47,8363953,89,177957.446809,5991412,37137854,73,5,0
ann_16,34,1.000000,0.978774,0.021226,1544,1544,4760,128,139.962402,466.541340,0.279925,373.032538,373.394285,373.597615,nan,nan,nan,nan,nan,NaN,NaN,NaN,NaN,NaN,NaN,NaN,NaN,NaN,NaN,NaN,NaN,NaN,NaN,NaN
bfl_old,35,0.561667,0.523585,0.038082,324,264,2224,33,0.108072,30.020000,0.018012,82.147151,80.269560,90.917560,nan,nan,nan,nan,nan,271,263,NaN,NaN,66,NaN,2,NaN,NaN,33.000000,NaN,NaN,NaN,NaN,NaN
bfl_binary_global,35,0.960000,0.856132,0.103868,256,256,27609,0,193.972232,16164.352667,9.698612,9.650468,9.646830,9.760695,nan,nan,nan,nan,nan,290,24,17,86,8364000,330060640,48,8363952,86,174250.000000,6223513,36201442,73,8,0
ann_16,35,1.000000,0.992925,0.007075,1544,1544,4760,128,138.498034,461.660113,0.276996,381.362675,377.917945,391.826970,nan,nan,nan,nan,nan,NaN,NaN,NaN,NaN,NaN,NaN,NaN,NaN,NaN,NaN,NaN,NaN,NaN,NaN,NaN
bfl_old,36,0.635000,0.594340,0.040660,324,264,2240,33,0.153205,31.917708,0.019151,101.967166,99.067200,114.003140,nan,nan,nan,nan,nan,276,219,NaN,NaN,104,NaN,6,NaN,NaN,17.333333,NaN,NaN,NaN,NaN,NaN
bfl_binary_global,36,0.941667,0.931604,0.010063,256,256,26844,0,195.579798,16298.316500,9.778990,9.767064,9.732240,9.964170,nan,nan,nan,nan,nan,286,35,18,62,8364000,330842400,34,8363966,62,246000.000000,9626964,40775986,52,1,0
ann_16,36,1.000000,0.988208,0.011792,1544,1544,4760,128,141.152604,470.508680,0.282305,385.908697,386.054490,386.360105,nan,nan,nan,nan,nan,NaN,NaN,NaN,NaN,NaN,NaN,NaN,NaN,NaN,NaN,NaN,NaN,NaN,NaN,NaN
bfl_old,37,0.601667,0.599057,0.002610,324,264,2224,33,0.135202,28.167083,0.016900,78.499559,77.224580,89.539535,nan,nan,nan,nan,nan,257,239,NaN,NaN,88,NaN,4,NaN,NaN,22.000000,NaN,NaN,NaN,NaN,NaN
bfl_binary_global,37,0.963333,0.903302,0.060031,256,256,27097,0,194.965852,16247.154333,9.748293,9.714596,9.619025,9.919090,nan,nan,nan,nan,nan,394,22,41,120,8364000,331233280,65,8363935,120,128676.923077,6621500,37988277,114,7,0
ann_16,37,1.000000,0.992925,0.007075,1544,1544,4760,128,146.303094,487.676980,0.292606,402.303458,402.454980,402.529320,nan,nan,nan,nan,nan,NaN,NaN,NaN,NaN,NaN,NaN,NaN,NaN,NaN,NaN,NaN,NaN,NaN,NaN,NaN
bfl_old,38,0.566667,0.540094,0.026572,324,264,2224,33,0.095168,31.722667,0.019034,84.037376,83.540500,96.343965,nan,nan,nan,nan,nan,260,260,NaN,NaN,55,NaN,0,NaN,NaN,nan,NaN,NaN,NaN,NaN,NaN
bfl_binary_global,38,0.950000,0.882075,0.067925,256,256,28122,0,196.739305,16394.942083,9.836965,9.696241,9.667320,9.848405,nan,nan,nan,nan,nan,338,30,24,110,8364000,328832160,57,8363943,110,146736.842105,8543826,36327641,98,4,0
ann_16,38,1.000000,0.992925,0.007075,1544,1544,4760,128,143.558268,478.527560,0.287117,381.423750,381.284250,387.489415,nan,nan,nan,nan,nan,NaN,NaN,NaN,NaN,NaN,NaN,NaN,NaN,NaN,NaN,NaN,NaN,NaN,NaN,NaN
bfl_old,39,0.578333,0.509434,0.068899,324,264,2232,33,0.114955,31.931944,0.019159,88.493706,85.853555,99.035375,nan,nan,nan,nan,nan,320,253,NaN,NaN,72,NaN,3,NaN,NaN,24.000000,NaN,NaN,NaN,NaN,NaN
bfl_binary_global,39,0.956667,0.931604,0.025063,256,256,27865,0,197.540416,16461.701333,9.877021,9.735043,9.694865,9.971685,nan,nan,nan,nan,nan,352,26,27,99,8364000,328664640,51,8363949,99,164000.000000,7481598,37173085,100,3,0
ann_16,39,1.000000,0.995283,0.004717,1544,1544,4760,128,142.881078,476.270260,0.285762,382.334796,382.097695,383.713625,nan,nan,nan,nan,nan,NaN,NaN,NaN,NaN,NaN,NaN,NaN,NaN,NaN,NaN,NaN,NaN,NaN,NaN,NaN
bfl_old,40,0.628333,0.627358,0.000975,324,264,2232,33,0.115806,32.168333,0.019301,79.610255,78.153550,90.391555,nan,nan,nan,nan,nan,293,223,NaN,NaN,72,NaN,3,NaN,NaN,24.000000,NaN,NaN,NaN,NaN,NaN
bfl_binary_global,40,0.966667,0.919811,0.046855,256,256,27608,0,192.996176,16083.014667,9.649809,9.665543,9.665160,9.695470,nan,nan,nan,nan,nan,294,20,27,106,8364000,330116480,52,8363948,106,160846.153846,5840860,32935844,83,6,0
ann_16,40,1.000000,0.995283,0.004717,1544,1544,4760,128,142.177719,473.925730,0.284355,386.705771,386.741500,387.088945,nan,nan,nan,nan,nan,NaN,NaN,NaN,NaN,NaN,NaN,NaN,NaN,NaN,NaN,NaN,NaN,NaN,NaN,NaN
bfl_old,41,0.771667,0.731132,0.040535,324,264,2224,33,0.138298,28.812083,0.017287,94.992667,92.809005,105.048270,nan,nan,nan,nan,nan,269,137,NaN,NaN,88,NaN,7,NaN,NaN,12.571429,NaN,NaN,NaN,NaN,NaN
bfl_binary_global,41,0.966667,0.903302,0.063365,256,256,27863,0,191.713755,15976.146250,9.585688,9.723942,9.701480,9.803720,nan,nan,nan,nan,nan,332,20,38,94,8364000,327268640,48,8363952,94,174250.000000,5753038,36649949,78,9,0
ann_16,41,1.000000,1.000000,0.000000,1544,1544,4760,128,142.277566,474.258553,0.284555,379.876882,380.283390,381.538330,nan,nan,nan,nan,nan,NaN,NaN,NaN,NaN,NaN,NaN,NaN,NaN,NaN,NaN,NaN,NaN,NaN,NaN,NaN
bfl_old,42,0.666667,0.691038,-0.024371,324,264,2232,33,0.128830,30.673810,0.018404,90.307116,87.083335,105.378485,nan,nan,nan,nan,nan,285,200,NaN,NaN,84,NaN,5,NaN,NaN,16.800000,NaN,NaN,NaN,NaN,NaN
bfl_binary_global,42,0.958333,0.908019,0.050314,256,256,27865,0,195.856457,16321.371417,9.792823,9.695649,9.701530,9.797560,nan,nan,nan,nan,nan,348,25,20,99,8364000,332405920,51,8363949,99,164000.000000,7551995,40534707,86,2,0
ann_16,42,1.000000,0.985849,0.014151,1544,1544,4760,128,143.010373,476.701243,0.286021,388.447610,387.502370,393.284345,nan,nan,nan,nan,nan,NaN,NaN,NaN,NaN,NaN,NaN,NaN,NaN,NaN,NaN,NaN,NaN,NaN,NaN,NaN
bfl_old,43,0.560000,0.521226,0.038774,324,264,2224,33,0.111507,30.974167,0.018585,83.821704,81.152280,95.825820,nan,nan,nan,nan,nan,297,264,NaN,NaN,66,NaN,4,NaN,NaN,16.500000,NaN,NaN,NaN,NaN,NaN
bfl_binary_global,43,0.966667,0.910377,0.056289,256,256,27606,0,191.356877,15946.406417,9.567844,9.749689,9.683745,10.057695,nan,nan,nan,nan,nan,363,20,33,109,8364000,326598560,54,8363946,109,154888.888889,5102040,34599534,91,4,0
ann_16,43,1.000000,1.000000,0.000000,1544,1544,4760,128,139.758988,465.863293,0.279518,378.902499,378.943695,379.692590,nan,nan,nan,nan,nan,NaN,NaN,NaN,NaN,NaN,NaN,NaN,NaN,NaN,NaN,NaN,NaN,NaN,NaN,NaN
bfl_old,44,0.643333,0.596698,0.046635,324,264,2224,33,0.126165,30.039286,0.018024,93.009860,90.202540,104.333570,nan,nan,nan,nan,nan,270,214,NaN,NaN,77,NaN,5,NaN,NaN,15.400000,NaN,NaN,NaN,NaN,NaN
bfl_binary_global,44,0.966667,0.908019,0.058648,256,256,27351,0,194.318445,16193.203750,9.715922,9.988943,9.850410,11.055650,nan,nan,nan,nan,nan,373,20,22,108,8364000,329223040,57,8363943,108,146736.842105,5327868,35689097,92,5,0
ann_16,44,1.000000,0.997642,0.002358,1544,1544,4760,128,142.826773,476.089243,0.285654,386.385345,386.495895,387.308985,nan,nan,nan,nan,nan,NaN,NaN,NaN,NaN,NaN,NaN,NaN,NaN,NaN,NaN,NaN,NaN,NaN,NaN,NaN
bfl_old,45,0.580000,0.563679,0.016321,324,264,2216,33,0.101569,28.213611,0.016928,89.745733,87.563865,99.725930,nan,nan,nan,nan,nan,259,252,NaN,NaN,60,NaN,3,NaN,NaN,20.000000,NaN,NaN,NaN,NaN,NaN
bfl_binary_global,45,0.955000,0.867925,0.087075,256,256,27608,0,193.422855,16118.571250,9.671143,9.639401,9.621830,9.711800,nan,nan,nan,nan,nan,427,27,34,124,8364000,328106240,61,8363939,124,137114.754098,7459991,36362167,107,11,0
ann_16,45,1.000000,0.997642,0.002358,1544,1544,4760,128,145.653802,485.512673,0.291308,404.659507,403.149930,408.406230,nan,nan,nan,nan,nan,NaN,NaN,NaN,NaN,NaN,NaN,NaN,NaN,NaN,NaN,NaN,NaN,NaN,NaN,NaN
bfl_old,46,0.598333,0.542453,0.055881,324,264,2216,33,0.101590,28.219444,0.016932,103.119157,100.850770,114.212320,nan,nan,nan,nan,nan,258,241,NaN,NaN,60,NaN,2,NaN,NaN,30.000000,NaN,NaN,NaN,NaN,NaN
bfl_binary_global,46,0.966667,0.898585,0.068082,256,256,28121,0,195.014319,16251.193250,9.750716,9.725833,9.710145,9.938320,nan,nan,nan,nan,nan,256,20,29,93,8364000,330395680,46,8363954,93,181826.086957,5396174,36637280,71,4,0
ann_16,46,1.000000,0.992925,0.007075,1544,1544,4760,128,141.291234,470.970780,0.282582,385.776626,385.716925,391.543935,nan,nan,nan,nan,nan,NaN,NaN,NaN,NaN,NaN,NaN,NaN,NaN,NaN,NaN,NaN,NaN,NaN,NaN,NaN
bfl_old,47,0.501667,0.518868,-0.017201,324,264,2232,33,0.154358,42.877222,0.025726,84.795759,81.685905,95.042290,nan,nan,nan,nan,nan,330,299,NaN,NaN,72,NaN,3,NaN,NaN,24.000000,NaN,NaN,NaN,NaN,NaN
bfl_binary_global,47,0.953333,0.926887,0.026447,256,256,28377,0,194.751908,16229.325667,9.737595,9.599776,9.558205,9.746310,nan,nan,nan,nan,nan,224,28,16,81,8364000,327268640,41,8363959,81,204000.000000,7671182,41368617,59,5,0
ann_16,47,1.000000,0.997642,0.002358,1544,1544,4760,128,144.701841,482.339470,0.289404,388.316505,388.179940,390.321485,nan,nan,nan,nan,nan,NaN,NaN,NaN,NaN,NaN,NaN,NaN,NaN,NaN,NaN,NaN,NaN,NaN,NaN,NaN
bfl_old,48,0.678333,0.698113,-0.019780,324,264,2224,33,0.129070,30.730952,0.018439,75.605565,73.645575,84.689400,nan,nan,nan,nan,nan,232,193,NaN,NaN,77,NaN,4,NaN,NaN,19.250000,NaN,NaN,NaN,NaN,NaN
bfl_binary_global,48,0.945000,0.943396,0.001604,256,256,27865,0,191.680821,15973.401750,9.584041,9.630233,9.652335,9.731735,nan,nan,nan,nan,nan,293,33,15,77,8364000,328441280,42,8363958,77,199142.857143,9378832,39322462,64,6,0
ann_16,48,1.000000,1.000000,0.000000,1544,1544,4760,128,143.912803,479.709343,0.287826,393.214698,392.207320,399.897400,nan,nan,nan,nan,nan,NaN,NaN,NaN,NaN,NaN,NaN,NaN,NaN,NaN,NaN,NaN,NaN,NaN,NaN,NaN
bfl_old,49,0.650000,0.591981,0.058019,324,264,2240,33,0.122398,33.999444,0.020400,76.172075,74.871200,85.822605,nan,nan,nan,nan,nan,274,210,NaN,NaN,78,NaN,3,NaN,NaN,26.000000,NaN,NaN,NaN,NaN,NaN
bfl_binary_global,49,0.961667,0.903302,0.058365,256,256,27099,0,194.360067,16196.672250,9.718003,9.664347,9.656140,9.738545,nan,nan,nan,nan,nan,266,23,19,92,8364000,332573440,45,8363955,92,185866.666667,6312032,35234694,75,9,0
ann_16,49,1.000000,1.000000,0.000000,1544,1544,4760,128,139.444282,464.814273,0.278889,369.687880,369.544375,370.713550,nan,nan,nan,nan,nan,NaN,NaN,NaN,NaN,NaN,NaN,NaN,NaN,NaN,NaN,NaN,NaN,NaN,NaN,NaN
bfl_old,50,0.630000,0.625000,0.005000,324,264,2224,33,0.119632,28.483810,0.017090,90.472325,89.813085,99.607790,nan,nan,nan,nan,nan,260,222,NaN,NaN,77,NaN,5,NaN,NaN,15.400000,NaN,NaN,NaN,NaN,NaN
bfl_binary_global,50,0.961667,0.908019,0.053648,256,256,27609,0,193.379488,16114.957333,9.668974,9.660188,9.659495,9.742400,nan,nan,nan,nan,nan,262,23,34,91,8364000,330060640,48,8363952,91,174250.000000,6588044,38054954,75,5,0
ann_16,50,1.000000,1.000000,0.000000,1544,1544,4760,128,144.443062,481.476873,0.288886,392.914821,392.717530,393.962065,nan,nan,nan,nan,nan,NaN,NaN,NaN,NaN,NaN,NaN,NaN,NaN,NaN,NaN,NaN,NaN,NaN,NaN,NaN
