input_bits,seed,model,train_samples,test_samples,nodes,selector_states,model_bytes,epochs,inference_repeats,training_ms,inference_ns_per_sample,batch_inference_ns_per_sample,train_loss,train_bit_accuracy,train_exact_accuracy,test_loss,test_bit_accuracy,test_exact_accuracy,comparisons,state_updates,distinct_routes,mean_examples_per_route
4,1,bfl,8,4,68,41,9792,1,100,0.064324,651.095000,687.585000,2,0.875000,0.750000,4,0.500000,0.250000,16,9,2,7.500000
4,1,majority,8,4,0,2,26,0,100,0.001956,33.522500,41.030000,7,0.562500,0.125000,4,0.500000,0.250000,0,0,0,0.000000
4,2,bfl,8,4,68,42,9832,1,100,0.057759,650.745000,635.555000,3,0.812500,0.625000,4,0.500000,0.000000,16,10,2,7.500000
4,2,majority,8,4,0,2,26,0,100,0.001885,31.952500,40.507500,6,0.625000,0.375000,4,0.500000,0.000000,0,0,0,0.000000
4,3,bfl,8,4,68,40,9752,1,100,0.056222,623.680000,651.270000,1,0.937500,0.875000,7,0.125000,0.000000,16,8,2,7.000000
4,3,majority,8,4,0,2,26,0,100,0.001815,43.475000,59.365000,4,0.750000,0.625000,3,0.625000,0.250000,0,0,0,0.000000
6,1,bfl,32,16,262,168,39064,1,100,0.744088,2397.515000,2520.435625,11,0.828125,0.656250,15,0.531250,0.250000,64,40,2,30.000000
6,1,majority,32,16,0,2,26,0,100,0.001885,28.940000,40.551875,24,0.625000,0.468750,17,0.468750,0.187500,0,0,0,0.000000
6,2,bfl,32,16,262,171,39184,1,100,0.741224,2449.546875,2461.507500,11,0.828125,0.656250,14,0.562500,0.312500,64,43,2,30.500000
6,2,majority,32,16,0,2,26,0,100,0.002375,39.809375,51.900625,21,0.671875,0.562500,18,0.437500,0.187500,0,0,0,0.000000
6,3,bfl,32,16,262,162,38824,1,100,0.772094,2346.051250,2346.225625,13,0.796875,0.593750,18,0.437500,0.250000,64,34,2,29.000000
6,3,majority,32,16,0,2,26,0,100,0.002375,30.425000,40.508125,26,0.593750,0.281250,14,0.562500,0.250000,0,0,0,0.000000
8,1,bfl,128,64,1032,666,155752,1,100,10.875382,9326.541563,9374.535469,40,0.843750,0.687500,68,0.468750,0.125000,256,154,2,118.500000
8,1,majority,128,64,0,2,26,0,100,0.002863,24.957344,62.158594,102,0.601562,0.304688,60,0.531250,0.187500,0,0,0,0.000000
8,2,bfl,128,64,1032,662,155592,1,100,10.817554,9304.083281,9105.188750,32,0.875000,0.750000,75,0.414062,0.078125,256,150,2,116.000000
8,2,majority,128,64,0,2,26,0,100,0.003771,29.442344,61.241875,106,0.585938,0.257812,53,0.585938,0.250000,0,0,0,0.000000
8,3,bfl,128,64,1032,658,155432,1,100,10.845700,9092.704531,9052.273125,35,0.863281,0.726562,69,0.460938,0.171875,256,146,2,116.000000
8,3,majority,128,64,0,2,26,0,100,0.002933,24.946406,63.260781,102,0.601562,0.414062,61,0.523438,0.312500,0,0,0,0.000000
