task,seed,model,train_samples,validation_samples,test_samples,train_errors,train_accuracy,validation_errors,validation_accuracy,test_errors,test_accuracy,candidate_models,reported_model_bytes,training_ms
or2,1,bfl_greedy_single,128,64,64,25,0.804688,24,0.625000,24,0.625000,1,1544,2.299666
or2,1,bfl_greedy_selected,128,64,64,17,0.867188,16,0.750000,14,0.781250,16,1544,19.886997
or2,1,bfl_greedy_single_pairs,128,64,64,13,0.898438,16,0.750000,10,0.843750,1,1544,4.074208
or2,1,bfl_greedy_selected_pairs,128,64,64,8,0.937500,15,0.765625,7,0.890625,16,1544,34.422665
or2,1,bfl_greedy_single_anneal,128,64,64,16,0.875000,18,0.718750,17,0.734375,1,1544,0.991583
or2,1,bfl_greedy_selected_anneal,128,64,64,13,0.898438,11,0.828125,17,0.734375,16,1544,10.899043
or2,1,majority_class,128,64,64,34,0.734375,14,0.781250,16,0.750000,1,1,0.000000
or2,1,direct_lookup_3ep,128,64,64,0,1.000000,50,0.218750,48,0.250000,1,56604,8.291416
or2,1,mlp_16,128,64,64,0,1.000000,0,1.000000,0,1.000000,1,1416,39.019292
or2,2,bfl_greedy_single,128,64,64,31,0.757812,21,0.671875,20,0.687500,1,1544,0.246041
or2,2,bfl_greedy_selected,128,64,64,32,0.750000,12,0.812500,23,0.640625,16,1544,4.553459
or2,2,bfl_greedy_single_pairs,128,64,64,31,0.757812,21,0.671875,20,0.687500,1,1544,0.682166
or2,2,bfl_greedy_selected_pairs,128,64,64,7,0.945312,8,0.875000,9,0.859375,16,1544,14.914374
or2,2,bfl_greedy_single_anneal,128,64,64,27,0.789062,21,0.671875,17,0.734375,1,1544,0.390500
or2,2,bfl_greedy_selected_anneal,128,64,64,10,0.921875,9,0.859375,9,0.859375,16,1544,7.045002
or2,2,majority_class,128,64,64,30,0.765625,17,0.734375,17,0.734375,1,1,0.000000
or2,2,direct_lookup_3ep,128,64,64,0,1.000000,47,0.265625,47,0.265625,1,56604,6.364084
or2,2,mlp_16,128,64,64,0,1.000000,0,1.000000,0,1.000000,1,1416,36.244208
or2,3,bfl_greedy_single,128,64,64,29,0.773438,23,0.640625,20,0.687500,1,1544,0.291666
or2,3,bfl_greedy_selected,128,64,64,18,0.859375,14,0.781250,19,0.703125,16,1544,4.577664
or2,3,bfl_greedy_single_pairs,128,64,64,26,0.796875,24,0.625000,20,0.687500,1,1544,1.042375
or2,3,bfl_greedy_selected_pairs,128,64,64,19,0.851562,12,0.812500,14,0.781250,16,1544,15.968041
or2,3,bfl_greedy_single_anneal,128,64,64,19,0.851562,17,0.734375,17,0.734375,1,1544,0.435792
or2,3,bfl_greedy_selected_anneal,128,64,64,5,0.960938,7,0.890625,8,0.875000,16,1544,7.188918
or2,3,majority_class,128,64,64,33,0.742188,10,0.843750,21,0.671875,1,1,0.000000
or2,3,direct_lookup_3ep,128,64,64,0,1.000000,54,0.156250,43,0.328125,1,56556,6.511875
or2,3,mlp_16,128,64,64,0,1.000000,0,1.000000,0,1.000000,1,1416,38.238166
or2,4,bfl_greedy_single,128,64,64,33,0.742188,26,0.593750,17,0.734375,1,1544,0.302459
or2,4,bfl_greedy_selected,128,64,64,27,0.789062,14,0.781250,17,0.734375,16,1544,4.615918
or2,4,bfl_greedy_single_pairs,128,64,64,29,0.773438,26,0.593750,16,0.750000,1,1544,0.965625
or2,4,bfl_greedy_selected_pairs,128,64,64,16,0.875000,7,0.890625,9,0.859375,16,1544,17.398831
or2,4,bfl_greedy_single_anneal,128,64,64,30,0.765625,19,0.703125,18,0.718750,1,1544,0.405125
or2,4,bfl_greedy_selected_anneal,128,64,64,16,0.875000,4,0.937500,7,0.890625,16,1544,7.313209
or2,4,majority_class,128,64,64,31,0.757812,14,0.781250,19,0.703125,1,1,0.000000
or2,4,direct_lookup_3ep,128,64,64,0,1.000000,50,0.218750,45,0.296875,1,56604,6.474958
or2,4,mlp_16,128,64,64,0,1.000000,0,1.000000,0,1.000000,1,1416,36.984334
or2,5,bfl_greedy_single,128,64,64,18,0.859375,20,0.687500,19,0.703125,1,1544,0.334916
or2,5,bfl_greedy_selected,128,64,64,12,0.906250,10,0.843750,15,0.765625,16,1544,4.596791
or2,5,bfl_greedy_single_pairs,128,64,64,18,0.859375,20,0.687500,19,0.703125,1,1544,0.809708
or2,5,bfl_greedy_selected_pairs,128,64,64,14,0.890625,9,0.859375,12,0.812500,16,1544,15.773124
or2,5,bfl_greedy_single_anneal,128,64,64,11,0.914062,13,0.796875,17,0.734375,1,1544,0.747458
or2,5,bfl_greedy_selected_anneal,128,64,64,10,0.921875,12,0.812500,12,0.812500,16,1544,7.232292
or2,5,majority_class,128,64,64,31,0.757812,15,0.765625,18,0.718750,1,1,0.000000
or2,5,direct_lookup_3ep,128,64,64,1,0.992188,49,0.234375,46,0.281250,1,56604,6.400542
or2,5,mlp_16,128,64,64,0,1.000000,0,1.000000,0,1.000000,1,1416,35.812250
or2,6,bfl_greedy_single,128,64,64,29,0.773438,18,0.718750,25,0.609375,1,1544,0.341625
or2,6,bfl_greedy_selected,128,64,64,22,0.828125,13,0.796875,17,0.734375,16,1544,4.691126
or2,6,bfl_greedy_single_pairs,128,64,64,28,0.781250,17,0.734375,23,0.640625,1,1544,1.175667
or2,6,bfl_greedy_selected_pairs,128,64,64,8,0.937500,6,0.906250,14,0.781250,16,1544,16.248208
or2,6,bfl_greedy_single_anneal,128,64,64,16,0.875000,17,0.734375,13,0.796875,1,1544,0.644583
or2,6,bfl_greedy_selected_anneal,128,64,64,13,0.898438,9,0.859375,11,0.828125,16,1544,7.328791
or2,6,majority_class,128,64,64,33,0.742188,16,0.750000,15,0.765625,1,1,0.000000
or2,6,direct_lookup_3ep,128,64,64,0,1.000000,48,0.250000,49,0.234375,1,56556,6.495916
or2,6,mlp_16,128,64,64,0,1.000000,0,1.000000,0,1.000000,1,1416,36.724917
or2,7,bfl_greedy_single,128,64,64,27,0.789062,14,0.781250,23,0.640625,1,1544,0.290583
or2,7,bfl_greedy_selected,128,64,64,20,0.843750,11,0.828125,9,0.859375,16,1544,4.557748
or2,7,bfl_greedy_single_pairs,128,64,64,23,0.820312,17,0.734375,17,0.734375,1,1544,1.499292
or2,7,bfl_greedy_selected_pairs,128,64,64,14,0.890625,12,0.812500,12,0.812500,16,1544,17.916667
or2,7,bfl_greedy_single_anneal,128,64,64,20,0.843750,14,0.781250,16,0.750000,1,1544,0.376709
or2,7,bfl_greedy_selected_anneal,128,64,64,9,0.929688,6,0.906250,9,0.859375,16,1544,7.350668
or2,7,majority_class,128,64,64,34,0.734375,14,0.781250,16,0.750000,1,1,0.000000
or2,7,direct_lookup_3ep,128,64,64,0,1.000000,50,0.218750,48,0.250000,1,56508,6.634208
or2,7,mlp_16,128,64,64,0,1.000000,0,1.000000,0,1.000000,1,1416,37.927667
or2,8,bfl_greedy_single,128,64,64,18,0.859375,15,0.765625,20,0.687500,1,1544,0.300792
or2,8,bfl_greedy_selected,128,64,64,13,0.898438,7,0.890625,12,0.812500,16,1544,4.624750
or2,8,bfl_greedy_single_pairs,128,64,64,14,0.890625,17,0.734375,21,0.671875,1,1544,1.455292
or2,8,bfl_greedy_selected_pairs,128,64,64,13,0.898438,7,0.890625,12,0.812500,16,1544,16.718085
or2,8,bfl_greedy_single_anneal,128,64,64,16,0.875000,18,0.718750,25,0.609375,1,1544,0.302250
or2,8,bfl_greedy_selected_anneal,128,64,64,13,0.898438,9,0.859375,15,0.765625,16,1544,6.694418
or2,8,majority_class,128,64,64,29,0.773438,21,0.671875,14,0.781250,1,1,0.000000
or2,8,direct_lookup_3ep,128,64,64,0,1.000000,43,0.328125,50,0.218750,1,56604,6.660792
or2,8,mlp_16,128,64,64,0,1.000000,0,1.000000,0,1.000000,1,1416,37.496333
or2,9,bfl_greedy_single,128,64,64,31,0.757812,19,0.703125,17,0.734375,1,1544,0.279250
or2,9,bfl_greedy_selected,128,64,64,18,0.859375,13,0.796875,13,0.796875,16,1544,4.464876
or2,9,bfl_greedy_single_pairs,128,64,64,27,0.789062,21,0.671875,16,0.750000,1,1544,0.983291
or2,9,bfl_greedy_selected_pairs,128,64,64,16,0.875000,11,0.828125,11,0.828125,16,1544,15.606748
or2,9,bfl_greedy_single_anneal,128,64,64,27,0.789062,19,0.703125,20,0.687500,1,1544,0.362625
or2,9,bfl_greedy_selected_anneal,128,64,64,11,0.914062,12,0.812500,11,0.828125,16,1544,6.657416
or2,9,majority_class,128,64,64,26,0.796875,20,0.687500,18,0.718750,1,1,0.000000
or2,9,direct_lookup_3ep,128,64,64,0,1.000000,44,0.312500,46,0.281250,1,57036,6.636791
or2,9,mlp_16,128,64,64,0,1.000000,0,1.000000,0,1.000000,1,1416,36.778500
or2,10,bfl_greedy_single,128,64,64,28,0.781250,28,0.562500,28,0.562500,1,1544,0.307667
or2,10,bfl_greedy_selected,128,64,64,13,0.898438,9,0.859375,7,0.890625,16,1544,4.494002
or2,10,bfl_greedy_single_pairs,128,64,64,28,0.781250,28,0.562500,28,0.562500,1,1544,0.746750
or2,10,bfl_greedy_selected_pairs,128,64,64,9,0.929688,8,0.875000,7,0.890625,16,1544,17.901459
or2,10,bfl_greedy_single_anneal,128,64,64,26,0.796875,20,0.687500,21,0.671875,1,1544,0.368417
or2,10,bfl_greedy_selected_anneal,128,64,64,7,0.945312,4,0.937500,7,0.890625,16,1544,8.168584
or2,10,majority_class,128,64,64,31,0.757812,17,0.734375,16,0.750000,1,1,0.000000
or2,10,direct_lookup_3ep,128,64,64,0,1.000000,47,0.265625,48,0.250000,1,56844,6.449958
or2,10,mlp_16,128,64,64,0,1.000000,0,1.000000,0,1.000000,1,1416,36.462792
or2,11,bfl_greedy_single,128,64,64,42,0.671875,29,0.546875,19,0.703125,1,1544,0.267500
or2,11,bfl_greedy_selected,128,64,64,15,0.882812,10,0.843750,9,0.859375,16,1544,4.462751
or2,11,bfl_greedy_single_pairs,128,64,64,24,0.812500,24,0.625000,17,0.734375,1,1544,1.740959
or2,11,bfl_greedy_selected_pairs,128,64,64,11,0.914062,7,0.890625,11,0.828125,16,1544,15.617626
or2,11,bfl_greedy_single_anneal,128,64,64,32,0.750000,34,0.468750,28,0.562500,1,1544,0.541042
or2,11,bfl_greedy_selected_anneal,128,64,64,5,0.960938,3,0.953125,7,0.890625,16,1544,7.536209
or2,11,majority_class,128,64,64,37,0.710938,13,0.796875,14,0.781250,1,1,0.000000
or2,11,direct_lookup_3ep,128,64,64,0,1.000000,51,0.203125,50,0.218750,1,56172,6.381000
or2,11,mlp_16,128,64,64,0,1.000000,0,1.000000,0,1.000000,1,1416,36.772917
or2,12,bfl_greedy_single,128,64,64,27,0.789062,18,0.718750,26,0.593750,1,1544,0.298375
or2,12,bfl_greedy_selected,128,64,64,10,0.921875,6,0.906250,7,0.890625,16,1544,4.488166
or2,12,bfl_greedy_single_pairs,128,64,64,26,0.796875,18,0.718750,24,0.625000,1,1544,0.830458
or2,12,bfl_greedy_selected_pairs,128,64,64,8,0.937500,7,0.890625,7,0.890625,16,1544,15.949876
or2,12,bfl_greedy_single_anneal,128,64,64,11,0.914062,20,0.687500,13,0.796875,1,1544,0.828541
or2,12,bfl_greedy_selected_anneal,128,64,64,3,0.976562,4,0.937500,8,0.875000,16,1544,7.630164
or2,12,majority_class,128,64,64,32,0.750000,15,0.765625,17,0.734375,1,1,0.000000
or2,12,direct_lookup_3ep,128,64,64,0,1.000000,49,0.234375,47,0.265625,1,56604,6.476792
or2,12,mlp_16,128,64,64,0,1.000000,0,1.000000,0,1.000000,1,1416,35.485375
or2,13,bfl_greedy_single,128,64,64,16,0.875000,18,0.718750,14,0.781250,1,1544,0.259958
or2,13,bfl_greedy_selected,128,64,64,11,0.914062,6,0.906250,8,0.875000,16,1544,4.378624
or2,13,bfl_greedy_single_pairs,128,64,64,15,0.882812,19,0.703125,14,0.781250,1,1544,0.837375
or2,13,bfl_greedy_selected_pairs,128,64,64,10,0.921875,6,0.906250,5,0.921875,16,1544,17.788290
or2,13,bfl_greedy_single_anneal,128,64,64,8,0.937500,15,0.765625,9,0.859375,1,1544,0.616875
or2,13,bfl_greedy_selected_anneal,128,64,64,11,0.914062,10,0.843750,20,0.687500,16,1544,7.065542
or2,13,majority_class,128,64,64,33,0.742188,11,0.828125,20,0.687500,1,1,0.000000
or2,13,direct_lookup_3ep,128,64,64,0,1.000000,53,0.171875,44,0.312500,1,56652,6.379917
or2,13,mlp_16,128,64,64,0,1.000000,0,1.000000,0,1.000000,1,1416,37.687417
or2,14,bfl_greedy_single,128,64,64,26,0.796875,22,0.656250,27,0.578125,1,1544,0.292791
or2,14,bfl_greedy_selected,128,64,64,6,0.953125,6,0.906250,11,0.828125,16,1544,4.644500
or2,14,bfl_greedy_single_pairs,128,64,64,26,0.796875,22,0.656250,27,0.578125,1,1544,0.725750
or2,14,bfl_greedy_selected_pairs,128,64,64,5,0.960938,10,0.843750,10,0.843750,16,1544,15.156496
or2,14,bfl_greedy_single_anneal,128,64,64,6,0.953125,10,0.843750,10,0.843750,1,1544,0.491708
or2,14,bfl_greedy_selected_anneal,128,64,64,10,0.921875,8,0.875000,15,0.765625,16,1544,7.108250
or2,14,majority_class,128,64,64,27,0.789062,18,0.718750,19,0.703125,1,1,0.000000
or2,14,direct_lookup_3ep,128,64,64,0,1.000000,46,0.281250,45,0.296875,1,57084,6.561834
or2,14,mlp_16,128,64,64,0,1.000000,0,1.000000,0,1.000000,1,1416,37.456459
or2,15,bfl_greedy_single,128,64,64,26,0.796875,19,0.703125,25,0.609375,1,1544,0.285042
or2,15,bfl_greedy_selected,128,64,64,16,0.875000,13,0.796875,15,0.765625,16,1544,4.536752
or2,15,bfl_greedy_single_pairs,128,64,64,22,0.828125,20,0.687500,26,0.593750,1,1544,1.133000
or2,15,bfl_greedy_selected_pairs,128,64,64,7,0.945312,5,0.921875,8,0.875000,16,1544,16.760915
or2,15,bfl_greedy_single_anneal,128,64,64,19,0.851562,17,0.734375,22,0.656250,1,1544,0.362083
or2,15,bfl_greedy_selected_anneal,128,64,64,0,1.000000,5,0.921875,5,0.921875,16,1544,7.013460
or2,15,majority_class,128,64,64,36,0.718750,14,0.781250,14,0.781250,1,1,0.000000
or2,15,direct_lookup_3ep,128,64,64,0,1.000000,50,0.218750,50,0.218750,1,56364,6.374917
or2,15,mlp_16,128,64,64,0,1.000000,0,1.000000,0,1.000000,1,1416,36.434250
or2,16,bfl_greedy_single,128,64,64,26,0.796875,13,0.796875,25,0.609375,1,1544,0.267333
or2,16,bfl_greedy_selected,128,64,64,17,0.867188,10,0.843750,14,0.781250,16,1544,4.539251
or2,16,bfl_greedy_single_pairs,128,64,64,24,0.812500,18,0.718750,24,0.625000,1,1544,0.810125
or2,16,bfl_greedy_selected_pairs,128,64,64,10,0.921875,9,0.859375,8,0.875000,16,1544,15.889376
or2,16,bfl_greedy_single_anneal,128,64,64,12,0.906250,17,0.734375,15,0.765625,1,1544,0.349791
or2,16,bfl_greedy_selected_anneal,128,64,64,3,0.976562,4,0.937500,11,0.828125,16,1544,7.196748
or2,16,majority_class,128,64,64,32,0.750000,13,0.796875,19,0.703125,1,1,0.000000
or2,16,direct_lookup_3ep,128,64,64,0,1.000000,51,0.203125,45,0.296875,1,56556,6.358125
or2,16,mlp_16,128,64,64,0,1.000000,0,1.000000,0,1.000000,1,1416,36.823208
or2,17,bfl_greedy_single,128,64,64,20,0.843750,23,0.640625,21,0.671875,1,1544,0.238834
or2,17,bfl_greedy_selected,128,64,64,17,0.867188,16,0.750000,12,0.812500,16,1544,4.400291
or2,17,bfl_greedy_single_pairs,128,64,64,20,0.843750,23,0.640625,21,0.671875,1,1544,0.673583
or2,17,bfl_greedy_selected_pairs,128,64,64,13,0.898438,15,0.765625,12,0.812500,16,1544,14.960915
or2,17,bfl_greedy_single_anneal,128,64,64,20,0.843750,20,0.687500,26,0.593750,1,1544,0.305000
or2,17,bfl_greedy_selected_anneal,128,64,64,19,0.851562,12,0.812500,11,0.828125,16,1544,6.791417
or2,17,majority_class,128,64,64,31,0.757812,17,0.734375,16,0.750000,1,1,0.000000
or2,17,direct_lookup_3ep,128,64,64,3,0.976562,47,0.265625,48,0.250000,1,56460,6.441334
or2,17,mlp_16,128,64,64,0,1.000000,0,1.000000,0,1.000000,1,1416,36.313250
or2,18,bfl_greedy_single,128,64,64,30,0.765625,20,0.687500,18,0.718750,1,1544,0.282000
or2,18,bfl_greedy_selected,128,64,64,19,0.851562,13,0.796875,11,0.828125,16,1544,4.393625
or2,18,bfl_greedy_single_pairs,128,64,64,17,0.867188,15,0.765625,16,0.750000,1,1544,1.103750
or2,18,bfl_greedy_selected_pairs,128,64,64,19,0.851562,13,0.796875,11,0.828125,16,1544,16.809290
or2,18,bfl_greedy_single_anneal,128,64,64,13,0.898438,14,0.781250,9,0.859375,1,1544,0.604750
or2,18,bfl_greedy_selected_anneal,128,64,64,15,0.882812,10,0.843750,16,0.750000,16,1544,7.325957
or2,18,majority_class,128,64,64,33,0.742188,11,0.828125,20,0.687500,1,1,0.000000
or2,18,direct_lookup_3ep,128,64,64,3,0.976562,53,0.171875,44,0.312500,1,56412,6.357625
or2,18,mlp_16,128,64,64,0,1.000000,0,1.000000,0,1.000000,1,1416,37.133375
or2,19,bfl_greedy_single,128,64,64,14,0.890625,16,0.750000,9,0.859375,1,1544,0.274041
or2,19,bfl_greedy_selected,128,64,64,30,0.765625,12,0.812500,25,0.609375,16,1544,4.666373
or2,19,bfl_greedy_single_pairs,128,64,64,11,0.914062,12,0.812500,7,0.890625,1,1544,0.797792
or2,19,bfl_greedy_selected_pairs,128,64,64,11,0.914062,12,0.812500,7,0.890625,16,1544,15.024876
or2,19,bfl_greedy_single_anneal,128,64,64,9,0.929688,8,0.875000,5,0.921875,1,1544,0.480416
or2,19,bfl_greedy_selected_anneal,128,64,64,9,0.929688,8,0.875000,5,0.921875,16,1544,7.736832
or2,19,majority_class,128,64,64,31,0.757812,16,0.750000,17,0.734375,1,1,0.000000
or2,19,direct_lookup_3ep,128,64,64,0,1.000000,48,0.250000,47,0.265625,1,56508,6.300875
or2,19,mlp_16,128,64,64,0,1.000000,0,1.000000,0,1.000000,1,1416,37.053125
or2,20,bfl_greedy_single,128,64,64,19,0.851562,21,0.671875,12,0.812500,1,1544,0.252583
or2,20,bfl_greedy_selected,128,64,64,10,0.921875,10,0.843750,16,0.750000,16,1544,4.553706
or2,20,bfl_greedy_single_pairs,128,64,64,15,0.882812,14,0.781250,11,0.828125,1,1544,0.766708
or2,20,bfl_greedy_selected_pairs,128,64,64,10,0.921875,10,0.843750,16,0.750000,16,1544,15.341209
or2,20,bfl_greedy_single_anneal,128,64,64,3,0.976562,12,0.812500,8,0.875000,1,1544,0.486417
or2,20,bfl_greedy_selected_anneal,128,64,64,6,0.953125,6,0.906250,13,0.796875,16,1544,6.994416
or2,20,majority_class,128,64,64,28,0.781250,15,0.765625,21,0.671875,1,1,0.000000
or2,20,direct_lookup_3ep,128,64,64,0,1.000000,49,0.234375,43,0.328125,1,56892,6.445208
or2,20,mlp_16,128,64,64,0,1.000000,0,1.000000,0,1.000000,1,1416,36.918083
xor2,1,bfl_greedy_single,128,64,64,36,0.718750,32,0.500000,26,0.593750,1,1544,0.276916
xor2,1,bfl_greedy_selected,128,64,64,36,0.718750,21,0.671875,29,0.546875,16,1544,4.805833
xor2,1,bfl_greedy_single_pairs,128,64,64,32,0.750000,33,0.484375,31,0.515625,1,1544,0.927500
xor2,1,bfl_greedy_selected_pairs,128,64,64,36,0.718750,21,0.671875,29,0.546875,16,1544,17.107916
xor2,1,bfl_greedy_single_anneal,128,64,64,30,0.765625,30,0.531250,31,0.515625,1,1544,0.364625
xor2,1,bfl_greedy_selected_anneal,128,64,64,24,0.812500,18,0.718750,12,0.812500,16,1544,8.213333
xor2,1,majority_class,128,64,64,62,0.515625,31,0.515625,35,0.453125,1,1,0.000000
xor2,1,direct_lookup_3ep,128,64,64,0,1.000000,31,0.515625,35,0.453125,1,53868,6.457458
xor2,1,mlp_16,128,64,64,0,1.000000,0,1.000000,0,1.000000,1,1416,38.707708
xor2,2,bfl_greedy_single,128,64,64,49,0.617188,38,0.406250,32,0.500000,1,1544,0.267792
xor2,2,bfl_greedy_selected,128,64,64,27,0.789062,26,0.593750,34,0.468750,16,1544,4.707711
xor2,2,bfl_greedy_single_pairs,128,64,64,46,0.640625,38,0.406250,31,0.515625,1,1544,1.009250
xor2,2,bfl_greedy_selected_pairs,128,64,64,16,0.875000,15,0.765625,16,0.750000,16,1544,15.644000
xor2,2,bfl_greedy_single_anneal,128,64,64,43,0.664062,36,0.437500,37,0.421875,1,1544,0.444291
xor2,2,bfl_greedy_selected_anneal,128,64,64,24,0.812500,24,0.625000,21,0.671875,16,1544,7.027041
xor2,2,majority_class,128,64,64,55,0.570312,40,0.375000,33,0.484375,1,1,0.000000
xor2,2,direct_lookup_3ep,128,64,64,0,1.000000,24,0.625000,31,0.515625,1,54636,6.454416
xor2,2,mlp_16,128,64,64,0,1.000000,0,1.000000,0,1.000000,1,1416,37.239208
xor2,3,bfl_greedy_single,128,64,64,49,0.617188,29,0.546875,26,0.593750,1,1544,0.317708
xor2,3,bfl_greedy_selected,128,64,64,36,0.718750,26,0.593750,20,0.687500,16,1544,4.631832
xor2,3,bfl_greedy_single_pairs,128,64,64,44,0.656250,27,0.578125,27,0.578125,1,1544,0.878958
xor2,3,bfl_greedy_selected_pairs,128,64,64,44,0.656250,27,0.578125,27,0.578125,16,1544,15.291333
xor2,3,bfl_greedy_single_anneal,128,64,64,34,0.734375,26,0.593750,26,0.593750,1,1544,0.625500
xor2,3,bfl_greedy_selected_anneal,128,64,64,26,0.796875,20,0.687500,25,0.609375,16,1544,7.749625
xor2,3,majority_class,128,64,64,60,0.531250,39,0.390625,29,0.546875,1,1,0.000000
xor2,3,direct_lookup_3ep,128,64,64,0,1.000000,39,0.390625,29,0.546875,1,53724,6.137458
xor2,3,mlp_16,128,64,64,0,1.000000,0,1.000000,0,1.000000,1,1416,37.750583
xor2,4,bfl_greedy_single,128,64,64,44,0.656250,34,0.468750,29,0.546875,1,1544,0.282917
xor2,4,bfl_greedy_selected,128,64,64,31,0.757812,23,0.640625,37,0.421875,16,1544,4.730417
xor2,4,bfl_greedy_single_pairs,128,64,64,44,0.656250,34,0.468750,29,0.546875,1,1544,0.761125
xor2,4,bfl_greedy_selected_pairs,128,64,64,26,0.796875,16,0.750000,20,0.687500,16,1544,15.543083
xor2,4,bfl_greedy_single_anneal,128,64,64,40,0.687500,35,0.453125,29,0.546875,1,1544,0.635750
xor2,4,bfl_greedy_selected_anneal,128,64,64,26,0.796875,12,0.812500,26,0.593750,16,1544,7.451291
xor2,4,majority_class,128,64,64,59,0.539062,31,0.515625,38,0.406250,1,1,0.000000
xor2,4,direct_lookup_3ep,128,64,64,0,1.000000,33,0.484375,26,0.593750,1,54396,6.405833
xor2,4,mlp_16,128,64,64,0,1.000000,0,1.000000,0,1.000000,1,1416,37.597292
xor2,5,bfl_greedy_single,128,64,64,34,0.734375,19,0.703125,23,0.640625,1,1544,0.331000
xor2,5,bfl_greedy_selected,128,64,64,26,0.796875,17,0.734375,18,0.718750,16,1544,4.586915
xor2,5,bfl_greedy_single_pairs,128,64,64,34,0.734375,19,0.703125,23,0.640625,1,1544,0.772917
xor2,5,bfl_greedy_selected_pairs,128,64,64,24,0.812500,18,0.718750,15,0.765625,16,1544,16.419333
xor2,5,bfl_greedy_single_anneal,128,64,64,33,0.742188,24,0.625000,26,0.593750,1,1544,0.375209
xor2,5,bfl_greedy_selected_anneal,128,64,64,21,0.835938,15,0.765625,16,0.750000,16,1544,7.119002
xor2,5,majority_class,128,64,64,60,0.531250,34,0.468750,34,0.468750,1,1,0.000000
xor2,5,direct_lookup_3ep,128,64,64,0,1.000000,30,0.531250,30,0.531250,1,54156,6.347500
xor2,5,mlp_16,128,64,64,0,1.000000,0,1.000000,0,1.000000,1,1416,37.753750
xor2,6,bfl_greedy_single,128,64,64,42,0.671875,35,0.453125,31,0.515625,1,1544,0.331125
xor2,6,bfl_greedy_selected,128,64,64,26,0.796875,21,0.671875,22,0.656250,16,1544,4.613584
xor2,6,bfl_greedy_single_pairs,128,64,64,41,0.679688,35,0.453125,32,0.500000,1,1544,1.243042
xor2,6,bfl_greedy_selected_pairs,128,64,64,24,0.812500,19,0.703125,23,0.640625,16,1544,15.919292
xor2,6,bfl_greedy_single_anneal,128,64,64,36,0.718750,27,0.578125,28,0.562500,1,1544,0.746125
xor2,6,bfl_greedy_selected_anneal,128,64,64,23,0.820312,20,0.687500,26,0.593750,16,1544,8.012002
xor2,6,majority_class,128,64,64,63,0.507812,31,0.515625,34,0.468750,1,1,0.000000
xor2,6,direct_lookup_3ep,128,64,64,0,1.000000,31,0.515625,34,0.468750,1,54204,6.304167
xor2,6,mlp_16,128,64,64,0,1.000000,0,1.000000,0,1.000000,1,1416,37.824875
xor2,7,bfl_greedy_single,128,64,64,43,0.664062,30,0.531250,34,0.468750,1,1544,0.338333
xor2,7,bfl_greedy_selected,128,64,64,32,0.750000,17,0.734375,23,0.640625,16,1544,4.531084
xor2,7,bfl_greedy_single_pairs,128,64,64,43,0.664062,30,0.531250,34,0.468750,1,1544,0.772292
xor2,7,bfl_greedy_selected_pairs,128,64,64,29,0.773438,12,0.812500,20,0.687500,16,1544,16.661915
xor2,7,bfl_greedy_single_anneal,128,64,64,39,0.695312,33,0.484375,28,0.562500,1,1544,0.317291
xor2,7,bfl_greedy_selected_anneal,128,64,64,28,0.781250,16,0.750000,25,0.609375,16,1544,6.908957
xor2,7,majority_class,128,64,64,61,0.523438,34,0.468750,33,0.484375,1,1,0.000000
xor2,7,direct_lookup_3ep,128,64,64,0,1.000000,34,0.468750,33,0.484375,1,54108,6.277333
xor2,7,mlp_16,128,64,64,0,1.000000,0,1.000000,0,1.000000,1,1416,37.356625
xor2,8,bfl_greedy_single,128,64,64,37,0.710938,28,0.562500,27,0.578125,1,1544,0.331375
xor2,8,bfl_greedy_selected,128,64,64,35,0.726562,14,0.781250,28,0.562500,16,1544,4.723626
xor2,8,bfl_greedy_single_pairs,128,64,64,36,0.718750,26,0.593750,25,0.609375,1,1544,0.880875
xor2,8,bfl_greedy_selected_pairs,128,64,64,28,0.781250,21,0.671875,30,0.531250,16,1544,16.699417
xor2,8,bfl_greedy_single_anneal,128,64,64,31,0.757812,17,0.734375,18,0.718750,1,1544,0.503541
xor2,8,bfl_greedy_selected_anneal,128,64,64,27,0.789062,17,0.734375,22,0.656250,16,1544,7.852998
xor2,8,majority_class,128,64,64,63,0.507812,35,0.453125,30,0.531250,1,1,0.000000
xor2,8,direct_lookup_3ep,128,64,64,0,1.000000,29,0.546875,34,0.468750,1,53916,6.251167
xor2,8,mlp_16,128,64,64,0,1.000000,0,1.000000,0,1.000000,1,1416,37.685875
xor2,9,bfl_greedy_single,128,64,64,40,0.687500,28,0.562500,29,0.546875,1,1544,0.259750
xor2,9,bfl_greedy_selected,128,64,64,38,0.703125,23,0.640625,21,0.671875,16,1544,4.425123
xor2,9,bfl_greedy_single_pairs,128,64,64,34,0.734375,24,0.625000,29,0.546875,1,1544,0.941042
xor2,9,bfl_greedy_selected_pairs,128,64,64,32,0.750000,20,0.687500,28,0.562500,16,1544,16.923876
xor2,9,bfl_greedy_single_anneal,128,64,64,29,0.773438,24,0.625000,21,0.671875,1,1544,0.346416
xor2,9,bfl_greedy_selected_anneal,128,64,64,34,0.734375,16,0.750000,27,0.578125,16,1544,6.823500
xor2,9,majority_class,128,64,64,63,0.507812,33,0.484375,32,0.500000,1,1,0.000000
xor2,9,direct_lookup_3ep,128,64,64,0,1.000000,31,0.515625,32,0.500000,1,54300,6.309000
xor2,9,mlp_16,128,64,64,0,1.000000,0,1.000000,0,1.000000,1,1416,38.058167
xor2,10,bfl_greedy_single,128,64,64,51,0.601562,32,0.500000,27,0.578125,1,1544,0.260125
xor2,10,bfl_greedy_selected,128,64,64,30,0.765625,22,0.656250,23,0.640625,16,1544,4.427585
xor2,10,bfl_greedy_single_pairs,128,64,64,42,0.671875,29,0.546875,27,0.578125,1,1544,0.804708
xor2,10,bfl_greedy_selected_pairs,128,64,64,30,0.765625,22,0.656250,23,0.640625,16,1544,16.221541
xor2,10,bfl_greedy_single_anneal,128,64,64,37,0.710938,32,0.500000,32,0.500000,1,1544,0.490208
xor2,10,bfl_greedy_selected_anneal,128,64,64,26,0.796875,18,0.718750,20,0.687500,16,1544,7.505958
xor2,10,majority_class,128,64,64,63,0.507812,32,0.500000,33,0.484375,1,1,0.000000
xor2,10,direct_lookup_3ep,128,64,64,0,1.000000,32,0.500000,33,0.484375,1,53964,6.201125
xor2,10,mlp_16,128,64,64,0,1.000000,0,1.000000,0,1.000000,1,1416,37.821459
xor2,11,bfl_greedy_single,128,64,64,45,0.648438,31,0.515625,29,0.546875,1,1544,0.292333
xor2,11,bfl_greedy_selected,128,64,64,48,0.625000,20,0.687500,26,0.593750,16,1544,4.739958
xor2,11,bfl_greedy_single_pairs,128,64,64,38,0.703125,34,0.468750,30,0.531250,1,1544,0.797209
xor2,11,bfl_greedy_selected_pairs,128,64,64,18,0.859375,15,0.765625,17,0.734375,16,1544,14.965834
xor2,11,bfl_greedy_single_anneal,128,64,64,33,0.742188,32,0.500000,31,0.515625,1,1544,0.350250
xor2,11,bfl_greedy_selected_anneal,128,64,64,26,0.796875,12,0.812500,21,0.671875,16,1544,7.587460
xor2,11,majority_class,128,64,64,57,0.554688,38,0.406250,33,0.484375,1,1,0.000000
xor2,11,direct_lookup_3ep,128,64,64,0,1.000000,38,0.406250,33,0.484375,1,53532,6.241916
xor2,11,mlp_16,128,64,64,0,1.000000,0,1.000000,0,1.000000,1,1416,37.773875
xor2,12,bfl_greedy_single,128,64,64,42,0.671875,26,0.593750,27,0.578125,1,1544,0.323042
xor2,12,bfl_greedy_selected,128,64,64,30,0.765625,25,0.609375,19,0.703125,16,1544,4.500666
xor2,12,bfl_greedy_single_pairs,128,64,64,30,0.765625,24,0.625000,32,0.500000,1,1544,0.923708
xor2,12,bfl_greedy_selected_pairs,128,64,64,20,0.843750,18,0.718750,15,0.765625,16,1544,16.347792
xor2,12,bfl_greedy_single_anneal,128,64,64,29,0.773438,30,0.531250,31,0.515625,1,1544,0.454500
xor2,12,bfl_greedy_selected_anneal,128,64,64,21,0.835938,19,0.703125,19,0.703125,16,1544,7.217041
xor2,12,majority_class,128,64,64,60,0.531250,34,0.468750,34,0.468750,1,1,0.000000
xor2,12,direct_lookup_3ep,128,64,64,0,1.000000,30,0.531250,30,0.531250,1,54252,6.241792
xor2,12,mlp_16,128,64,64,0,1.000000,0,1.000000,0,1.000000,1,1416,37.636167
xor2,13,bfl_greedy_single,128,64,64,34,0.734375,32,0.500000,24,0.625000,1,1544,0.298209
xor2,13,bfl_greedy_selected,128,64,64,33,0.742188,27,0.578125,26,0.593750,16,1544,4.605126
xor2,13,bfl_greedy_single_pairs,128,64,64,34,0.734375,32,0.500000,24,0.625000,1,1544,0.748750
xor2,13,bfl_greedy_selected_pairs,128,64,64,34,0.734375,21,0.671875,23,0.640625,16,1544,19.893544
xor2,13,bfl_greedy_single_anneal,128,64,64,37,0.710938,27,0.578125,21,0.671875,1,1544,0.428125
xor2,13,bfl_greedy_selected_anneal,128,64,64,27,0.789062,25,0.609375,30,0.531250,16,1544,7.388502
xor2,13,majority_class,128,64,64,61,0.523438,34,0.468750,33,0.484375,1,1,0.000000
xor2,13,direct_lookup_3ep,128,64,64,0,1.000000,34,0.468750,33,0.484375,1,53868,6.360875
xor2,13,mlp_16,128,64,64,0,1.000000,0,1.000000,0,1.000000,1,1416,37.264834
xor2,14,bfl_greedy_single,128,64,64,41,0.679688,37,0.421875,28,0.562500,1,1544,0.312250
xor2,14,bfl_greedy_selected,128,64,64,26,0.796875,19,0.703125,18,0.718750,16,1544,4.724292
xor2,14,bfl_greedy_single_pairs,128,64,64,32,0.750000,29,0.546875,28,0.562500,1,1544,0.922500
xor2,14,bfl_greedy_selected_pairs,128,64,64,28,0.781250,15,0.765625,21,0.671875,16,1544,17.217872
xor2,14,bfl_greedy_single_anneal,128,64,64,21,0.835938,20,0.687500,19,0.703125,1,1544,0.350667
xor2,14,bfl_greedy_selected_anneal,128,64,64,22,0.828125,18,0.718750,23,0.640625,16,1544,7.816878
xor2,14,majority_class,128,64,64,59,0.539062,36,0.437500,33,0.484375,1,1,0.000000
xor2,14,direct_lookup_3ep,128,64,64,0,1.000000,28,0.562500,31,0.515625,1,54300,6.224792
xor2,14,mlp_16,128,64,64,0,1.000000,0,1.000000,0,1.000000,1,1416,38.706667
xor2,15,bfl_greedy_single,128,64,64,45,0.648438,25,0.609375,28,0.562500,1,1544,0.274000
xor2,15,bfl_greedy_selected,128,64,64,39,0.695312,21,0.671875,23,0.640625,16,1544,4.751041
xor2,15,bfl_greedy_single_pairs,128,64,64,38,0.703125,30,0.531250,29,0.546875,1,1544,1.389750
xor2,15,bfl_greedy_selected_pairs,128,64,64,31,0.757812,18,0.718750,24,0.625000,16,1544,16.972916
xor2,15,bfl_greedy_single_anneal,128,64,64,32,0.750000,24,0.625000,27,0.578125,1,1544,0.532750
xor2,15,bfl_greedy_selected_anneal,128,64,64,27,0.789062,16,0.750000,19,0.703125,16,1544,7.379333
xor2,15,majority_class,128,64,64,61,0.523438,35,0.453125,32,0.500000,1,1,0.000000
xor2,15,direct_lookup_3ep,128,64,64,0,1.000000,35,0.453125,32,0.500000,1,53916,6.421292
xor2,15,mlp_16,128,64,64,0,1.000000,0,1.000000,0,1.000000,1,1416,39.704791
xor2,16,bfl_greedy_single,128,64,64,39,0.695312,31,0.515625,26,0.593750,1,1544,0.278416
xor2,16,bfl_greedy_selected,128,64,64,31,0.757812,15,0.765625,24,0.625000,16,1544,4.712459
xor2,16,bfl_greedy_single_pairs,128,64,64,35,0.726562,29,0.546875,24,0.625000,1,1544,0.882042
xor2,16,bfl_greedy_selected_pairs,128,64,64,29,0.773438,13,0.796875,21,0.671875,16,1544,16.181291
xor2,16,bfl_greedy_single_anneal,128,64,64,27,0.789062,17,0.734375,22,0.656250,1,1544,0.329291
xor2,16,bfl_greedy_selected_anneal,128,64,64,32,0.750000,15,0.765625,25,0.609375,16,1544,7.317124
xor2,16,majority_class,128,64,64,63,0.507812,27,0.578125,38,0.406250,1,1,0.000000
xor2,16,direct_lookup_3ep,128,64,64,0,1.000000,37,0.421875,26,0.593750,1,54108,6.226833
xor2,16,mlp_16,128,64,64,0,1.000000,0,1.000000,0,1.000000,1,1416,37.515542
xor2,17,bfl_greedy_single,128,64,64,45,0.648438,29,0.546875,36,0.437500,1,1544,0.252875
xor2,17,bfl_greedy_selected,128,64,64,29,0.773438,21,0.671875,23,0.640625,16,1544,4.577836
xor2,17,bfl_greedy_single_pairs,128,64,64,42,0.671875,32,0.500000,34,0.468750,1,1544,0.807459
xor2,17,bfl_greedy_selected_pairs,128,64,64,27,0.789062,21,0.671875,22,0.656250,16,1544,13.357835
xor2,17,bfl_greedy_single_anneal,128,64,64,41,0.679688,35,0.453125,34,0.468750,1,1544,0.496875
xor2,17,bfl_greedy_selected_anneal,128,64,64,22,0.828125,21,0.671875,22,0.656250,16,1544,7.770751
xor2,17,majority_class,128,64,64,59,0.539062,35,0.453125,34,0.468750,1,1,0.000000
xor2,17,direct_lookup_3ep,128,64,64,0,1.000000,29,0.546875,30,0.531250,1,54156,6.307959
xor2,17,mlp_16,128,64,64,0,1.000000,0,1.000000,0,1.000000,1,1416,37.303458
xor2,18,bfl_greedy_single,128,64,64,37,0.710938,27,0.578125,18,0.718750,1,1544,0.297167
xor2,18,bfl_greedy_selected,128,64,64,22,0.828125,18,0.718750,14,0.781250,16,1544,4.570082
xor2,18,bfl_greedy_single_pairs,128,64,64,33,0.742188,28,0.562500,15,0.765625,1,1544,0.760625
xor2,18,bfl_greedy_selected_pairs,128,64,64,19,0.851562,14,0.781250,15,0.765625,16,1544,15.680211
xor2,18,bfl_greedy_single_anneal,128,64,64,36,0.718750,21,0.671875,15,0.765625,1,1544,0.342000
xor2,18,bfl_greedy_selected_anneal,128,64,64,21,0.835938,16,0.750000,15,0.765625,16,1544,7.329334
xor2,18,majority_class,128,64,64,59,0.539062,37,0.421875,32,0.500000,1,1,0.000000
xor2,18,direct_lookup_3ep,128,64,64,0,1.000000,37,0.421875,32,0.500000,1,53868,6.201750
xor2,18,mlp_16,128,64,64,0,1.000000,0,1.000000,0,1.000000,1,1416,38.131250
xor2,19,bfl_greedy_single,128,64,64,29,0.773438,15,0.765625,12,0.812500,1,1544,0.294000
xor2,19,bfl_greedy_selected,128,64,64,29,0.773438,15,0.765625,12,0.812500,16,1544,4.763207
xor2,19,bfl_greedy_single_pairs,128,64,64,29,0.773438,15,0.765625,12,0.812500,1,1544,0.733000
xor2,19,bfl_greedy_selected_pairs,128,64,64,29,0.773438,15,0.765625,12,0.812500,16,1544,14.609790
xor2,19,bfl_greedy_single_anneal,128,64,64,20,0.843750,14,0.781250,12,0.812500,1,1544,0.373583
xor2,19,bfl_greedy_selected_anneal,128,64,64,20,0.843750,14,0.781250,12,0.812500,16,1544,7.320666
xor2,19,majority_class,128,64,64,63,0.507812,34,0.468750,31,0.515625,1,1,0.000000
xor2,19,direct_lookup_3ep,128,64,64,0,1.000000,34,0.468750,31,0.515625,1,54060,6.177541
xor2,19,mlp_16,128,64,64,0,1.000000,0,1.000000,0,1.000000,1,1416,37.714375
xor2,20,bfl_greedy_single,128,64,64,42,0.671875,31,0.515625,32,0.500000,1,1544,0.285292
xor2,20,bfl_greedy_selected,128,64,64,35,0.726562,20,0.687500,25,0.609375,16,1544,4.491583
xor2,20,bfl_greedy_single_pairs,128,64,64,29,0.773438,31,0.515625,34,0.468750,1,1544,1.455500
xor2,20,bfl_greedy_selected_pairs,128,64,64,35,0.726562,20,0.687500,25,0.609375,16,1544,18.888835
xor2,20,bfl_greedy_single_anneal,128,64,64,29,0.773438,31,0.515625,34,0.468750,1,1544,0.526209
xor2,20,bfl_greedy_selected_anneal,128,64,64,25,0.804688,14,0.781250,25,0.609375,16,1544,6.981164
xor2,20,majority_class,128,64,64,61,0.523438,27,0.578125,40,0.375000,1,1,0.000000
xor2,20,direct_lookup_3ep,128,64,64,0,1.000000,37,0.421875,24,0.625000,1,54060,6.192708
xor2,20,mlp_16,128,64,64,0,1.000000,0,1.000000,0,1.000000,1,1416,37.706291
majority3,1,bfl_greedy_single,128,64,64,28,0.781250,20,0.687500,26,0.593750,1,1544,0.311208
majority3,1,bfl_greedy_selected,128,64,64,12,0.906250,11,0.828125,13,0.796875,16,1544,4.611083
majority3,1,bfl_greedy_single_pairs,128,64,64,28,0.781250,20,0.687500,26,0.593750,1,1544,0.736542
majority3,1,bfl_greedy_selected_pairs,128,64,64,12,0.906250,11,0.828125,13,0.796875,16,1544,13.301208
majority3,1,bfl_greedy_single_anneal,128,64,64,25,0.804688,18,0.718750,14,0.781250,1,1544,0.667417
majority3,1,bfl_greedy_selected_anneal,128,64,64,13,0.898438,12,0.812500,10,0.843750,16,1544,7.957168
majority3,1,majority_class,128,64,64,61,0.523438,35,0.453125,32,0.500000,1,1,0.000000
majority3,1,direct_lookup_3ep,128,64,64,0,1.000000,35,0.453125,32,0.500000,1,53964,6.196917
majority3,1,mlp_16,128,64,64,0,1.000000,0,1.000000,0,1.000000,1,1416,36.404542
majority3,2,bfl_greedy_single,128,64,64,32,0.750000,21,0.671875,20,0.687500,1,1544,0.259208
majority3,2,bfl_greedy_selected,128,64,64,24,0.812500,15,0.765625,15,0.765625,16,1544,4.584040
majority3,2,bfl_greedy_single_pairs,128,64,64,32,0.750000,21,0.671875,20,0.687500,1,1544,0.693792
majority3,2,bfl_greedy_selected_pairs,128,64,64,27,0.789062,15,0.765625,18,0.718750,16,1544,14.859085
majority3,2,bfl_greedy_single_anneal,128,64,64,30,0.765625,19,0.703125,16,0.750000,1,1544,0.279208
majority3,2,bfl_greedy_selected_anneal,128,64,64,18,0.859375,8,0.875000,16,0.750000,16,1544,6.586419
majority3,2,majority_class,128,64,64,62,0.515625,35,0.453125,31,0.515625,1,1,0.000000
majority3,2,direct_lookup_3ep,128,64,64,0,1.000000,35,0.453125,31,0.515625,1,53964,6.165625
majority3,2,mlp_16,128,64,64,0,1.000000,0,1.000000,0,1.000000,1,1416,36.917250
majority3,3,bfl_greedy_single,128,64,64,30,0.765625,26,0.593750,19,0.703125,1,1544,0.321125
majority3,3,bfl_greedy_selected,128,64,64,23,0.820312,10,0.843750,17,0.734375,16,1544,4.660542
majority3,3,bfl_greedy_single_pairs,128,64,64,26,0.796875,21,0.671875,14,0.781250,1,1544,1.230500
majority3,3,bfl_greedy_selected_pairs,128,64,64,15,0.882812,16,0.750000,12,0.812500,16,1544,15.607332
majority3,3,bfl_greedy_single_anneal,128,64,64,18,0.859375,24,0.625000,26,0.593750,1,1544,0.391084
majority3,3,bfl_greedy_selected_anneal,128,64,64,11,0.914062,9,0.859375,12,0.812500,16,1544,7.107919
majority3,3,majority_class,128,64,64,61,0.523438,31,0.515625,36,0.437500,1,1,0.000000
majority3,3,direct_lookup_3ep,128,64,64,0,1.000000,33,0.484375,28,0.562500,1,54348,6.324416
majority3,3,mlp_16,128,64,64,0,1.000000,0,1.000000,0,1.000000,1,1416,37.303334
majority3,4,bfl_greedy_single,128,64,64,35,0.726562,23,0.640625,28,0.562500,1,1544,0.306167
majority3,4,bfl_greedy_selected,128,64,64,20,0.843750,9,0.859375,15,0.765625,16,1544,4.487377
majority3,4,bfl_greedy_single_pairs,128,64,64,22,0.828125,20,0.687500,22,0.656250,1,1544,1.671167
majority3,4,bfl_greedy_selected_pairs,128,64,64,18,0.859375,10,0.843750,16,0.750000,16,1544,17.501167
majority3,4,bfl_greedy_single_anneal,128,64,64,26,0.796875,23,0.640625,20,0.687500,1,1544,0.596709
majority3,4,bfl_greedy_selected_anneal,128,64,64,16,0.875000,13,0.796875,19,0.703125,16,1544,7.470502
majority3,4,majority_class,128,64,64,62,0.515625,33,0.484375,33,0.484375,1,1,0.000000
majority3,4,direct_lookup_3ep,128,64,64,0,1.000000,33,0.484375,33,0.484375,1,53820,6.292000
majority3,4,mlp_16,128,64,64,0,1.000000,0,1.000000,0,1.000000,1,1416,35.384834
majority3,5,bfl_greedy_single,128,64,64,38,0.703125,20,0.687500,22,0.656250,1,1544,0.319417
majority3,5,bfl_greedy_selected,128,64,64,11,0.914062,10,0.843750,6,0.906250,16,1544,4.476124
majority3,5,bfl_greedy_single_pairs,128,64,64,25,0.804688,18,0.718750,16,0.750000,1,1544,1.734666
majority3,5,bfl_greedy_selected_pairs,128,64,64,11,0.914062,10,0.843750,6,0.906250,16,1544,18.232332
majority3,5,bfl_greedy_single_anneal,128,64,64,30,0.765625,25,0.609375,25,0.609375,1,1544,0.494083
majority3,5,bfl_greedy_selected_anneal,128,64,64,8,0.937500,12,0.812500,8,0.875000,16,1544,7.429959
majority3,5,majority_class,128,64,64,63,0.507812,31,0.515625,34,0.468750,1,1,0.000000
majority3,5,direct_lookup_3ep,128,64,64,0,1.000000,31,0.515625,34,0.468750,1,54012,6.213417
majority3,5,mlp_16,128,64,64,0,1.000000,0,1.000000,0,1.000000,1,1416,36.083166
majority3,6,bfl_greedy_single,128,64,64,32,0.750000,24,0.625000,27,0.578125,1,1544,0.331333
majority3,6,bfl_greedy_selected,128,64,64,24,0.812500,15,0.765625,20,0.687500,16,1544,4.711166
majority3,6,bfl_greedy_single_pairs,128,64,64,25,0.804688,23,0.640625,21,0.671875,1,1544,1.128458
majority3,6,bfl_greedy_selected_pairs,128,64,64,24,0.812500,13,0.796875,16,0.750000,16,1544,15.805707
majority3,6,bfl_greedy_single_anneal,128,64,64,24,0.812500,19,0.703125,22,0.656250,1,1544,0.573792
majority3,6,bfl_greedy_selected_anneal,128,64,64,18,0.859375,17,0.734375,19,0.703125,16,1544,7.640377
majority3,6,majority_class,128,64,64,64,0.500000,32,0.500000,32,0.500000,1,1,0.000000
majority3,6,direct_lookup_3ep,128,64,64,0,1.000000,32,0.500000,32,0.500000,1,53964,6.287959
majority3,6,mlp_16,128,64,64,0,1.000000,0,1.000000,0,1.000000,1,1416,36.755750
majority3,7,bfl_greedy_single,128,64,64,32,0.750000,27,0.578125,29,0.546875,1,1544,0.319833
majority3,7,bfl_greedy_selected,128,64,64,29,0.773438,16,0.750000,19,0.703125,16,1544,4.498873
majority3,7,bfl_greedy_single_pairs,128,64,64,29,0.773438,26,0.593750,27,0.578125,1,1544,0.812875
majority3,7,bfl_greedy_selected_pairs,128,64,64,19,0.851562,9,0.859375,18,0.718750,16,1544,15.947335
majority3,7,bfl_greedy_single_anneal,128,64,64,25,0.804688,20,0.687500,29,0.546875,1,1544,0.360458
majority3,7,bfl_greedy_selected_anneal,128,64,64,16,0.875000,15,0.765625,21,0.671875,16,1544,8.234375
majority3,7,majority_class,128,64,64,60,0.531250,33,0.484375,35,0.453125,1,1,0.000000
majority3,7,direct_lookup_3ep,128,64,64,0,1.000000,31,0.515625,29,0.546875,1,54156,6.255959
majority3,7,mlp_16,128,64,64,0,1.000000,0,1.000000,0,1.000000,1,1416,36.004625
majority3,8,bfl_greedy_single,128,64,64,20,0.843750,15,0.765625,18,0.718750,1,1544,0.256583
majority3,8,bfl_greedy_selected,128,64,64,26,0.796875,14,0.781250,22,0.656250,16,1544,4.252997
majority3,8,bfl_greedy_single_pairs,128,64,64,18,0.859375,20,0.687500,19,0.703125,1,1544,0.951000
majority3,8,bfl_greedy_selected_pairs,128,64,64,15,0.882812,12,0.812500,14,0.781250,16,1544,14.707373
majority3,8,bfl_greedy_single_anneal,128,64,64,16,0.875000,8,0.875000,22,0.656250,1,1544,0.442208
majority3,8,bfl_greedy_selected_anneal,128,64,64,16,0.875000,8,0.875000,22,0.656250,16,1544,7.229000
majority3,8,majority_class,128,64,64,59,0.539062,35,0.453125,34,0.468750,1,1,0.000000
majority3,8,direct_lookup_3ep,128,64,64,0,1.000000,29,0.546875,30,0.531250,1,54204,6.331500
majority3,8,mlp_16,128,64,64,0,1.000000,0,1.000000,0,1.000000,1,1416,38.406792
majority3,9,bfl_greedy_single,128,64,64,33,0.742188,24,0.625000,18,0.718750,1,1544,0.259459
majority3,9,bfl_greedy_selected,128,64,64,25,0.804688,17,0.734375,21,0.671875,16,1544,4.567252
majority3,9,bfl_greedy_single_pairs,128,64,64,16,0.875000,20,0.687500,18,0.718750,1,1544,1.005916
majority3,9,bfl_greedy_selected_pairs,128,64,64,15,0.882812,15,0.765625,17,0.734375,16,1544,16.499209
majority3,9,bfl_greedy_single_anneal,128,64,64,13,0.898438,17,0.734375,19,0.703125,1,1544,0.422750
majority3,9,bfl_greedy_selected_anneal,128,64,64,20,0.843750,16,0.750000,20,0.687500,16,1544,7.292499
majority3,9,majority_class,128,64,64,57,0.554688,35,0.453125,36,0.437500,1,1,0.000000
majority3,9,direct_lookup_3ep,128,64,64,0,1.000000,29,0.546875,28,0.562500,1,54588,6.442084
majority3,9,mlp_16,128,64,64,0,1.000000,0,1.000000,0,1.000000,1,1416,37.378792
majority3,10,bfl_greedy_single,128,64,64,33,0.742188,25,0.609375,23,0.640625,1,1544,0.293791
majority3,10,bfl_greedy_selected,128,64,64,13,0.898438,5,0.921875,9,0.859375,16,1544,4.658622
majority3,10,bfl_greedy_single_pairs,128,64,64,33,0.742188,25,0.609375,23,0.640625,1,1544,0.721459
majority3,10,bfl_greedy_selected_pairs,128,64,64,7,0.945312,4,0.937500,6,0.906250,16,1544,16.066376
majority3,10,bfl_greedy_single_anneal,128,64,64,21,0.835938,24,0.625000,17,0.734375,1,1544,0.438750
majority3,10,bfl_greedy_selected_anneal,128,64,64,8,0.937500,5,0.921875,8,0.875000,16,1544,7.698000
majority3,10,majority_class,128,64,64,59,0.539062,34,0.468750,35,0.453125,1,1,0.000000
majority3,10,direct_lookup_3ep,128,64,64,0,1.000000,34,0.468750,35,0.453125,1,53820,6.316709
majority3,10,mlp_16,128,64,64,0,1.000000,0,1.000000,0,1.000000,1,1416,36.514709
majority3,11,bfl_greedy_single,128,64,64,29,0.773438,27,0.578125,26,0.593750,1,1544,0.278875
majority3,11,bfl_greedy_selected,128,64,64,25,0.804688,15,0.765625,25,0.609375,16,1544,4.674457
majority3,11,bfl_greedy_single_pairs,128,64,64,22,0.828125,23,0.640625,20,0.687500,1,1544,0.822958
majority3,11,bfl_greedy_selected_pairs,128,64,64,15,0.882812,9,0.859375,12,0.812500,16,1544,17.757291
majority3,11,bfl_greedy_single_anneal,128,64,64,21,0.835938,24,0.625000,25,0.609375,1,1544,0.455875
majority3,11,bfl_greedy_selected_anneal,128,64,64,11,0.914062,9,0.859375,11,0.828125,16,1544,7.758043
majority3,11,majority_class,128,64,64,63,0.507812,31,0.515625,34,0.468750,1,1,0.000000
majority3,11,direct_lookup_3ep,128,64,64,0,1.000000,31,0.515625,34,0.468750,1,53868,6.220834
majority3,11,mlp_16,128,64,64,0,1.000000,0,1.000000,0,1.000000,1,1416,36.947334
majority3,12,bfl_greedy_single,128,64,64,35,0.726562,29,0.546875,20,0.687500,1,1544,0.337500
majority3,12,bfl_greedy_selected,128,64,64,20,0.843750,14,0.781250,20,0.687500,16,1544,4.497458
majority3,12,bfl_greedy_single_pairs,128,64,64,28,0.781250,23,0.640625,20,0.687500,1,1544,1.167250
majority3,12,bfl_greedy_selected_pairs,128,64,64,16,0.875000,10,0.843750,12,0.812500,16,1544,16.298126
majority3,12,bfl_greedy_single_anneal,128,64,64,16,0.875000,15,0.765625,18,0.718750,1,1544,0.466416
majority3,12,bfl_greedy_selected_anneal,128,64,64,16,0.875000,11,0.828125,12,0.812500,16,1544,7.588042
majority3,12,majority_class,128,64,64,64,0.500000,32,0.500000,32,0.500000,1,1,0.000000
majority3,12,direct_lookup_3ep,128,64,64,0,1.000000,32,0.500000,32,0.500000,1,54108,6.184583
majority3,12,mlp_16,128,64,64,0,1.000000,0,1.000000,0,1.000000,1,1416,35.480875
majority3,13,bfl_greedy_single,128,64,64,34,0.734375,20,0.687500,22,0.656250,1,1544,0.250000
majority3,13,bfl_greedy_selected,128,64,64,27,0.789062,14,0.781250,15,0.765625,16,1544,4.492286
majority3,13,bfl_greedy_single_pairs,128,64,64,22,0.828125,15,0.765625,13,0.796875,1,1544,1.518917
majority3,13,bfl_greedy_selected_pairs,128,64,64,22,0.828125,15,0.765625,13,0.796875,16,1544,17.996833
majority3,13,bfl_greedy_single_anneal,128,64,64,24,0.812500,22,0.656250,16,0.750000,1,1544,0.400625
majority3,13,bfl_greedy_selected_anneal,128,64,64,22,0.828125,14,0.781250,16,0.750000,16,1544,7.466249
majority3,13,majority_class,128,64,64,58,0.546875,38,0.406250,32,0.500000,1,1,0.000000
majority3,13,direct_lookup_3ep,128,64,64,0,1.000000,38,0.406250,32,0.500000,1,53772,6.274584
majority3,13,mlp_16,128,64,64,0,1.000000,0,1.000000,0,1.000000,1,1416,37.450625
majority3,14,bfl_greedy_single,128,64,64,31,0.757812,26,0.593750,19,0.703125,1,1544,0.319375
majority3,14,bfl_greedy_selected,128,64,64,18,0.859375,11,0.828125,12,0.812500,16,1544,4.724624
majority3,14,bfl_greedy_single_pairs,128,64,64,22,0.828125,15,0.765625,15,0.765625,1,1544,1.019875
majority3,14,bfl_greedy_selected_pairs,128,64,64,8,0.937500,7,0.890625,13,0.796875,16,1544,17.848916
majority3,14,bfl_greedy_single_anneal,128,64,64,17,0.867188,15,0.765625,11,0.828125,1,1544,0.478417
majority3,14,bfl_greedy_selected_anneal,128,64,64,12,0.906250,14,0.781250,14,0.781250,16,1544,7.253794
majority3,14,majority_class,128,64,64,60,0.531250,32,0.500000,36,0.437500,1,1,0.000000
majority3,14,direct_lookup_3ep,128,64,64,0,1.000000,32,0.500000,28,0.562500,1,54444,6.327334
majority3,14,mlp_16,128,64,64,0,1.000000,0,1.000000,0,1.000000,1,1416,37.742875
majority3,15,bfl_greedy_single,128,64,64,25,0.804688,23,0.640625,15,0.765625,1,1544,0.284917
majority3,15,bfl_greedy_selected,128,64,64,17,0.867188,12,0.812500,9,0.859375,16,1544,4.875251
majority3,15,bfl_greedy_single_pairs,128,64,64,22,0.828125,23,0.640625,21,0.671875,1,1544,1.139333
majority3,15,bfl_greedy_selected_pairs,128,64,64,17,0.867188,12,0.812500,9,0.859375,16,1544,16.595665
majority3,15,bfl_greedy_single_anneal,128,64,64,17,0.867188,21,0.671875,20,0.687500,1,1544,0.414792
majority3,15,bfl_greedy_selected_anneal,128,64,64,10,0.921875,9,0.859375,18,0.718750,16,1544,7.379083
majority3,15,majority_class,128,64,64,63,0.507812,33,0.484375,32,0.500000,1,1,0.000000
majority3,15,direct_lookup_3ep,128,64,64,0,1.000000,33,0.484375,32,0.500000,1,53964,6.584375
majority3,15,mlp_16,128,64,64,0,1.000000,0,1.000000,0,1.000000,1,1416,38.428625
majority3,16,bfl_greedy_single,128,64,64,33,0.742188,30,0.531250,30,0.531250,1,1544,0.285250
majority3,16,bfl_greedy_selected,128,64,64,16,0.875000,17,0.734375,9,0.859375,16,1544,4.797582
majority3,16,bfl_greedy_single_pairs,128,64,64,17,0.867188,15,0.765625,15,0.765625,1,1544,1.801625
majority3,16,bfl_greedy_selected_pairs,128,64,64,17,0.867188,15,0.765625,15,0.765625,16,1544,17.437958
majority3,16,bfl_greedy_single_anneal,128,64,64,22,0.828125,27,0.578125,31,0.515625,1,1544,0.537000
majority3,16,bfl_greedy_selected_anneal,128,64,64,9,0.929688,11,0.828125,9,0.859375,16,1544,7.716293
majority3,16,majority_class,128,64,64,63,0.507812,33,0.484375,32,0.500000,1,1,0.000000
majority3,16,direct_lookup_3ep,128,64,64,0,1.000000,33,0.484375,32,0.500000,1,53964,6.609084
majority3,16,mlp_16,128,64,64,0,1.000000,0,1.000000,0,1.000000,1,1416,36.192375
majority3,17,bfl_greedy_single,128,64,64,34,0.734375,17,0.734375,19,0.703125,1,1544,0.254083
majority3,17,bfl_greedy_selected,128,64,64,30,0.765625,13,0.796875,10,0.843750,16,1544,4.450081
majority3,17,bfl_greedy_single_pairs,128,64,64,28,0.781250,26,0.593750,26,0.593750,1,1544,0.758458
majority3,17,bfl_greedy_selected_pairs,128,64,64,17,0.867188,14,0.781250,18,0.718750,16,1544,14.936666
majority3,17,bfl_greedy_single_anneal,128,64,64,26,0.796875,22,0.656250,21,0.671875,1,1544,0.335333
majority3,17,bfl_greedy_selected_anneal,128,64,64,17,0.867188,15,0.765625,9,0.859375,16,1544,6.238127
majority3,17,majority_class,128,64,64,59,0.539062,35,0.453125,34,0.468750,1,1,0.000000
majority3,17,direct_lookup_3ep,128,64,64,0,1.000000,35,0.453125,34,0.468750,1,53628,6.263708
majority3,17,mlp_16,128,64,64,0,1.000000,0,1.000000,0,1.000000,1,1416,36.797667
majority3,18,bfl_greedy_single,128,64,64,33,0.742188,23,0.640625,24,0.625000,1,1544,0.276292
majority3,18,bfl_greedy_selected,128,64,64,16,0.875000,17,0.734375,11,0.828125,16,1544,4.482668
majority3,18,bfl_greedy_single_pairs,128,64,64,21,0.835938,23,0.640625,22,0.656250,1,1544,1.308292
majority3,18,bfl_greedy_selected_pairs,128,64,64,19,0.851562,14,0.781250,11,0.828125,16,1544,16.435624
majority3,18,bfl_greedy_single_anneal,128,64,64,10,0.921875,21,0.671875,20,0.687500,1,1544,0.469625
majority3,18,bfl_greedy_selected_anneal,128,64,64,7,0.945312,14,0.781250,11,0.828125,16,1544,7.355999
majority3,18,majority_class,128,64,64,63,0.507812,31,0.515625,34,0.468750,1,1,0.000000
majority3,18,direct_lookup_3ep,128,64,64,3,0.976562,33,0.484375,30,0.531250,1,54108,6.235125
majority3,18,mlp_16,128,64,64,0,1.000000,0,1.000000,0,1.000000,1,1416,36.976083
majority3,19,bfl_greedy_single,128,64,64,15,0.882812,11,0.828125,10,0.843750,1,1544,0.250917
majority3,19,bfl_greedy_selected,128,64,64,15,0.882812,11,0.828125,10,0.843750,16,1544,4.626250
majority3,19,bfl_greedy_single_pairs,128,64,64,15,0.882812,11,0.828125,10,0.843750,1,1544,0.725709
majority3,19,bfl_greedy_selected_pairs,128,64,64,15,0.882812,11,0.828125,10,0.843750,16,1544,18.247542
majority3,19,bfl_greedy_single_anneal,128,64,64,9,0.929688,15,0.765625,10,0.843750,1,1544,0.506708
majority3,19,bfl_greedy_selected_anneal,128,64,64,18,0.859375,9,0.859375,22,0.656250,16,1544,8.476542
majority3,19,majority_class,128,64,64,64,0.500000,31,0.515625,33,0.484375,1,1,0.000000
majority3,19,direct_lookup_3ep,128,64,64,0,1.000000,33,0.484375,31,0.515625,1,54108,6.315792
majority3,19,mlp_16,128,64,64,0,1.000000,0,1.000000,0,1.000000,1,1416,36.657083
majority3,20,bfl_greedy_single,128,64,64,34,0.734375,26,0.593750,23,0.640625,1,1544,0.295916
majority3,20,bfl_greedy_selected,128,64,64,23,0.820312,13,0.796875,20,0.687500,16,1544,4.488875
majority3,20,bfl_greedy_single_pairs,128,64,64,28,0.781250,27,0.578125,19,0.703125,1,1544,1.604917
majority3,20,bfl_greedy_selected_pairs,128,64,64,16,0.875000,10,0.843750,15,0.765625,16,1544,16.858958
majority3,20,bfl_greedy_single_anneal,128,64,64,29,0.773438,17,0.734375,16,0.750000,1,1544,0.575750
majority3,20,bfl_greedy_selected_anneal,128,64,64,13,0.898438,11,0.828125,18,0.718750,16,1544,6.864044
majority3,20,majority_class,128,64,64,60,0.531250,34,0.468750,34,0.468750,1,1,0.000000
majority3,20,direct_lookup_3ep,128,64,64,0,1.000000,30,0.531250,30,0.531250,1,54348,6.246000
majority3,20,mlp_16,128,64,64,0,1.000000,0,1.000000,0,1.000000,1,1416,36.956375
